date,open,high,low,close,volume,amount,turnover_rate
2020-01-02,13.51,13.76,13.43,13.69,153023187.0,2571196482.0,0
2020-01-03,13.75,14.05,13.73,13.94,111619481.0,1914495475.0,0
2020-01-06,13.81,14.07,13.72,13.85,86208350.0,1477930193.0,0
2020-01-07,13.9,14.02,13.76,13.92,72860756.0,1247047135.0,0
2020-01-08,13.8,13.84,13.5,13.52,84782412.0,1423608811.0,0
2020-01-09,13.64,13.74,13.42,13.63,103163665.0,1725326806.0,0
2020-01-10,13.63,13.64,13.41,13.55,58554845.0,975154819.0,0
2020-01-13,13.59,13.82,13.48,13.79,87213336.0,1468271684.0,0
2020-01-14,13.79,14.02,13.6,13.6,130449366.0,2217608853.0,0
2020-01-15,13.63,13.68,13.35,13.41,85943912.0,1424889228.0,0
2020-01-16,13.41,13.45,13.15,13.25,102810467.0,1678888508.0,0
2020-01-17,13.29,13.43,13.27,13.3,60543669.0,995909007.0,0
2020-01-20,13.33,13.48,13.27,13.35,74607475.0,1226464650.0,0
2020-01-21,13.26,13.26,12.93,12.99,89660310.0,1442171432.0,0
2020-01-22,12.92,13.12,12.75,13.06,71946491.0,1150933399.0,0
2020-01-23,12.92,12.92,12.49,12.61,110059207.0,1723394337.0,0
2020-02-03,11.35,11.93,11.35,11.35,225919483.0,3201454165.0,0
2020-02-04,11.4,11.9,11.38,11.85,170617207.0,2442932843.0,0
2020-02-05,11.84,12.08,11.62,11.87,149138021.0,2177632044.0,0
2020-02-06,12.02,12.07,11.78,11.99,118581572.0,1740107625.0,0
2020-02-07,11.85,11.92,11.7,11.87,92485296.0,1345053256.0,0
2020-02-10,11.78,11.79,11.61,11.77,133949524.0,1931983482.0,0
2020-02-11,11.85,12.13,11.82,12.0,140750744.0,2077194139.0,0
2020-02-12,12.0,12.03,11.85,11.99,107050321.0,1573229043.0,0
2020-02-13,11.94,12.08,11.86,11.89,101320528.0,1491327714.0,0
2020-02-14,11.97,12.29,11.93,12.2,151243473.0,2253906452.0,0
2020-02-17,12.21,12.47,12.12,12.47,154369601.0,2337993586.0,0
2020-02-18,12.44,12.44,12.18,12.34,97361235.0,1478274223.0,0
2020-02-19,12.26,12.47,12.24,12.37,87410693.0,1333730219.0,0
2020-02-20,12.39,12.68,12.26,12.65,123544434.0,1897923029.0,0
2020-02-21,12.57,12.76,12.54,12.64,99507102.0,1546692930.0,0
2020-02-24,12.55,12.55,12.3,12.36,119179450.0,1820183855.0,0
2020-02-25,12.17,12.28,12.0,12.21,114457502.0,1710369786.0,0
2020-02-26,11.99,12.39,11.93,12.17,117659915.0,1769612245.0,0
2020-02-27,12.14,12.3,12.08,12.26,97527090.0,1464605739.0,0
2020-02-28,12.05,12.21,11.74,11.77,130064445.0,1906892413.0,0
2020-03-02,11.81,12.13,11.74,12.0,111658066.0,1647432270.0,0
2020-03-03,12.14,12.17,11.87,11.95,115358432.0,1705816272.0,0
2020-03-04,11.91,12.0,11.78,11.92,86259523.0,1261123064.0,0
2020-03-05,12.01,12.69,11.95,12.49,268660234.0,4089493523.0,0
2020-03-06,12.32,12.39,12.19,12.2,122853103.0,1858691259.0,0
2020-03-09,11.94,11.95,11.7,11.73,166579354.0,2420392131.0,0
2020-03-10,11.67,12.05,11.67,11.98,116786497.0,1709084565.0,0
2020-03-11,11.99,12.08,11.87,11.92,81438164.0,1201250682.0,0
2020-03-12,11.89,12.04,11.79,11.91,98649711.0,1447436642.0,0
2020-03-13,11.28,11.83,11.28,11.78,116976580.0,1669009835.0,0
2020-03-16,11.73,11.74,11.16,11.16,140620218.0,1975824191.0,0
2020-03-17,11.16,11.34,10.66,10.88,117784906.0,1582506075.0,0
2020-03-18,10.88,11.0,10.27,10.32,138478437.0,1816836894.0,0
2020-03-19,10.29,10.34,9.67,9.93,189145713.0,2313863663.0,0
2020-03-20,10.06,10.29,9.95,10.16,157835296.0,1967487818.0,0
2020-03-23,9.74,10.02,9.68,9.86,107111364.0,1300469494.0,0
2020-03-24,10.06,10.29,9.96,10.23,118020026.0,1472909400.0,0
2020-03-25,10.45,10.61,10.31,10.45,113695774.0,1467534956.0,0
2020-03-26,10.37,10.83,10.32,10.6,107519243.0,1408651057.0,0
2020-03-27,10.75,10.86,10.62,10.67,65301888.0,861618663.0,0
2020-03-30,10.43,10.58,10.36,10.5,66173879.0,852956240.0,0
2020-03-31,10.59,10.62,10.37,10.39,51337030.0,662915471.0,0
2020-04-01,10.44,10.66,10.4,10.46,52083604.0,676070118.0,0
2020-04-02,10.35,10.53,10.27,10.53,51836504.0,663197628.0,0
2020-04-03,10.4,10.46,10.19,10.23,82534814.0,1047282400.0,0
2020-04-07,10.46,10.5,10.4,10.45,87031371.0,1121200115.0,0
2020-04-08,10.45,10.49,10.32,10.37,52871614.0,676604872.0,0
2020-04-09,10.45,10.46,10.32,10.34,40855377.0,522027888.0,0
2020-04-10,10.36,10.53,10.27,10.38,66667495.0,853689950.0,0
2020-04-13,10.28,10.32,10.12,10.22,44621440.0,562008050.0,0
2020-04-14,10.27,10.44,10.2,10.44,68608687.0,874856562.0,0
2020-04-15,10.44,10.49,10.37,10.45,65639640.0,843649273.0,0
2020-04-16,10.38,10.38,10.18,10.29,78915498.0,997623816.0,0
2020-04-17,10.36,10.58,10.27,10.46,133116477.0,1713215767.0,0
2020-04-20,10.44,10.59,10.36,10.54,81845583.0,1058524019.0,0
2020-04-21,10.79,11.12,10.79,10.92,212244834.0,2861879086.0,0
2020-04-22,10.85,10.89,10.68,10.74,103280274.0,1368222855.0,0
2020-04-23,10.74,10.8,10.64,10.74,64698963.0,855052110.0,0
2020-04-24,10.69,10.78,10.64,10.75,56600161.0,747473770.0,0
2020-04-27,10.79,11.07,10.75,10.96,93682990.0,1263809737.0,0
2020-04-28,10.92,11.01,10.77,10.97,77156417.0,1038718080.0,0
2020-04-29,10.94,11.44,10.92,11.38,110872239.0,1541638203.0,0
2020-04-30,11.38,11.62,11.26,11.31,81954043.0,1155968238.0,0
2020-05-06,11.17,11.27,11.05,11.18,100899802.0,1382727482.0,0
2020-05-07,11.17,11.17,11.04,11.11,66274923.0,904349532.0,0
2020-05-08,11.17,11.38,11.1,11.32,93478170.0,1297924588.0,0
2020-05-11,11.3,11.47,11.28,11.36,61286229.0,859156594.0,0
2020-05-12,11.32,11.4,11.14,11.19,55851114.0,772109502.0,0
2020-05-13,11.16,11.18,10.98,11.06,64035879.0,871062044.0,0
2020-05-14,11.0,11.03,10.73,10.79,94467209.0,1259440848.0,0
2020-05-15,10.87,10.9,10.66,10.74,75679447.0,1004313268.0,0
2020-05-18,10.71,10.83,10.65,10.71,63720857.0,843479670.0,0
2020-05-19,10.88,10.92,10.77,10.84,60036864.0,801755671.0,0
2020-05-20,10.86,11.05,10.77,10.96,69085107.0,929928886.0,0
2020-05-21,10.97,11.01,10.84,10.88,55231200.0,742797057.0,0
2020-05-22,10.82,10.83,10.49,10.49,85623733.0,1119433491.0,0
2020-05-25,10.53,10.53,10.36,10.52,41017078.0,528769353.0,0
2020-05-26,10.57,10.61,10.5,10.58,39621240.0,515451849.0,0
2020-05-27,10.59,10.7,10.52,10.55,48296294.0,630305864.0,0
2020-05-28,10.62,10.88,10.57,10.79,96076031.0,1255226999.0,0
2020-05-29,10.74,10.76,10.66,10.73,45780822.0,594502124.0,0
2020-06-01,10.81,11.05,10.8,10.99,88296055.0,1173619007.0,0
2020-06-02,10.97,11.25,10.96,11.18,88345888.0,1194375822.0,0
2020-06-03,11.26,11.46,11.14,11.18,95680308.0,1308782295.0,0
2020-06-04,11.17,11.26,11.07,11.2,58306633.0,788707630.0,0
2020-06-05,11.23,11.24,11.09,11.22,38302690.0,517232136.0,0
2020-06-08,11.29,11.43,11.21,11.24,58597190.0,802115792.0,0
2020-06-09,11.26,11.33,11.17,11.28,47430007.0,646895835.0,0
2020-06-10,11.32,11.32,11.06,11.14,58047620.0,781995749.0,0
2020-06-11,11.04,11.05,10.73,10.8,134903982.0,1774199979.0,0
2020-06-12,10.65,10.75,10.62,10.72,103055057.0,1331618729.0,0
2020-06-15,10.61,10.71,10.57,10.58,66031307.0,850767506.0,0
2020-06-16,10.65,10.72,10.62,10.64,71805910.0,927043688.0,0
2020-06-17,10.64,10.66,10.53,10.61,71646824.0,918251153.0,0
2020-06-18,10.53,10.57,10.39,10.53,111964780.0,1419972017.0,0
2020-06-19,10.51,10.6,10.41,10.57,153952178.0,1954584920.0,0
2020-06-22,10.52,10.53,10.42,10.43,131907979.0,1671023279.0,0
2020-06-23,10.44,10.47,10.33,10.4,99080673.0,1248046647.0,0
2020-06-24,10.43,10.63,10.4,10.57,152322048.0,1946329095.0,0
2020-06-29,10.66,10.71,10.49,10.57,103848006.0,1330678289.0,0
2020-06-30,10.59,10.63,10.5,10.57,93794022.0,1199181601.0,0
2020-07-01,10.56,10.85,10.52,10.83,169739001.0,2202800844.0,0
2020-07-02,10.8,11.14,10.71,11.09,259050119.0,3433511084.0,0
2020-07-03,11.2,11.82,11.19,11.76,376833363.0,5280918011.0,0
2020-07-06,12.05,12.94,12.04,12.94,471146078.0,7168653356.0,0
2020-07-07,13.45,13.73,12.41,12.78,396442747.0,6267919683.0,0
2020-07-08,12.57,13.21,12.57,13.01,263133916.0,4095447757.0,0
2020-07-09,12.93,12.93,12.64,12.82,224399440.0,3469517330.0,0
2020-07-10,12.67,12.78,12.18,12.27,215877326.0,3254272378.0,0
2020-07-13,12.13,12.45,11.97,12.29,193716012.0,2871414845.0,0
2020-07-14,12.3,12.54,12.01,12.12,195356627.0,2891773817.0,0
2020-07-15,12.2,12.27,11.75,11.78,204256283.0,2947173150.0,0
2020-07-16,11.8,12.01,11.66,11.68,193089129.0,2771496391.0,0
2020-07-17,11.7,11.79,11.51,11.67,129134677.0,1821043928.0,0
2020-07-20,11.75,12.19,11.64,12.16,197963200.0,2872758056.0,0
2020-07-21,12.12,12.12,11.89,11.96,125286569.0,1815570301.0,0
2020-07-22,11.96,12.09,11.78,11.89,131295159.0,1895447229.0,0
2020-07-23,11.75,11.8,11.4,11.56,202752587.0,2838535211.0,0
2020-07-24,11.53,11.55,11.08,11.14,183088183.0,2504647111.0,0
2020-07-27,11.28,11.29,10.81,10.93,188065335.0,2497551472.0,0
2020-07-28,11.01,11.09,10.88,11.01,121700599.0,1618089559.0,0
2020-07-29,11.02,11.25,10.9,11.18,151958025.0,2043847473.0,0
2020-07-30,11.14,11.15,11.04,11.04,96406763.0,1294444933.0,0
2020-07-31,10.96,11.17,10.94,11.01,116582191.0,1559068292.0,0
2020-08-03,11.12,11.24,11.09,11.22,144509616.0,1954607257.0,0
2020-08-04,11.28,11.68,11.13,11.59,244566325.0,3388510059.0,0
2020-08-05,11.41,11.43,11.24,11.36,144020313.0,1980352978.0,0
2020-08-06,11.41,11.52,11.27,11.47,135251068.0,1868047342.0,0
2020-08-07,11.39,11.47,11.24,11.31,98867837.0,1356305781.0,0
2020-08-10,11.28,11.57,11.24,11.51,158771035.0,2208568316.0,0
2020-08-11,11.53,12.1,11.53,11.66,260330789.0,3748036828.0,0
2020-08-12,11.73,11.97,11.68,11.87,159681170.0,2287731088.0,0
2020-08-13,11.89,11.94,11.67,11.7,83726175.0,1190139725.0,0
2020-08-14,11.64,11.98,11.61,11.94,110321582.0,1578543607.0,0
2020-08-17,12.05,12.67,12.01,12.54,326802780.0,4923669137.0,0
2020-08-18,12.55,12.63,12.31,12.51,135026107.0,2033477708.0,0
2020-08-19,12.47,12.67,12.35,12.46,142092811.0,2154215097.0,0
2020-08-20,12.39,12.5,11.99,12.04,133380162.0,1962605014.0,0
2020-08-21,12.14,12.14,11.82,11.93,123451733.0,1787278581.0,0
2020-08-24,11.97,12.14,11.89,11.94,91944886.0,1338031969.0,0
2020-08-25,12.02,12.13,11.94,12.05,74832022.0,1090756854.0,0
2020-08-26,12.05,12.06,11.79,11.86,73411772.0,1057274170.0,0
2020-08-27,11.89,11.94,11.65,11.94,62666677.0,895618649.0,0
2020-08-28,11.77,12.53,11.77,12.49,241040002.0,3599035695.0,0
2020-08-31,12.63,12.94,12.37,12.45,179712954.0,2760350322.0,0
2020-09-01,12.35,12.57,12.28,12.5,81364258.0,1228342742.0,0
2020-09-02,12.39,12.82,12.39,12.65,167938297.0,2575966638.0,0
2020-09-03,12.65,12.65,12.25,12.3,127984159.0,1919266726.0,0
2020-09-04,12.16,12.43,12.05,12.35,90988999.0,1353550808.0,0
2020-09-07,12.28,12.58,12.24,12.33,103137681.0,1551971381.0,0
2020-09-08,12.38,12.74,12.38,12.74,140760166.0,2154220778.0,0
2020-09-09,12.6,12.84,12.49,12.55,101357247.0,1554005575.0,0
2020-09-10,12.65,12.78,12.55,12.66,95709239.0,1469402768.0,0
2020-09-11,12.53,12.63,12.23,12.39,95423625.0,1431844020.0,0
2020-09-14,12.39,12.63,12.32,12.63,68025105.0,1027508109.0,0
2020-09-15,12.55,12.78,12.51,12.67,65713267.0,1007999044.0,0
2020-09-16,12.65,12.83,12.55,12.74,72241475.0,1114667832.0,0
2020-09-17,12.83,12.98,12.71,12.85,98821563.0,1543414502.0,0
2020-09-18,12.89,13.28,12.81,13.26,137319330.0,2186759088.0,0
2020-09-21,13.21,13.25,12.97,13.09,89616165.0,1418370974.0,0
2020-09-22,12.93,13.07,12.7,12.85,86775631.0,1354536273.0,0
2020-09-23,12.87,13.07,12.8,12.9,59920047.0,939763266.0,0
2020-09-24,12.87,12.89,12.48,12.48,106101124.0,1623376201.0,0
2020-09-25,12.55,12.64,12.47,12.54,61408700.0,933035044.0,0
2020-09-28,12.54,12.69,12.37,12.64,61271111.0,932800766.0,0
2020-09-29,12.7,12.72,12.18,12.22,118237440.0,1766848545.0,0
2020-09-30,12.22,12.6,12.22,12.52,121706482.0,1838547595.0,0
2020-10-09,12.63,12.84,12.49,12.53,90042593.0,1376995907.0,0
2020-10-12,12.56,13.25,12.55,13.12,159134715.0,2509002885.0,0
2020-10-13,13.12,13.3,13.02,13.26,90881948.0,1453986338.0,0
2020-10-14,13.24,13.31,13.04,13.23,66256236.0,1057937816.0,0
2020-10-15,13.37,13.97,13.33,13.67,160006232.0,2654379586.0,0
2020-10-16,13.67,14.34,13.65,14.12,209561419.0,3589229559.0,0
2020-10-19,14.28,14.94,14.28,14.43,201610552.0,3571336006.0,0
2020-10-20,14.43,14.53,14.24,14.48,96007195.0,1673173356.0,0
2020-10-21,14.56,14.86,14.3,14.78,124456018.0,2204040365.0,0
2020-10-22,14.81,15.27,14.28,14.49,189051905.0,3342069011.0,0
2020-10-23,14.47,15.5,14.47,14.97,169850168.0,3105623948.0,0
2020-10-26,15.02,15.1,14.4,14.61,117559865.0,2085800599.0,0
2020-10-27,14.86,14.86,14.45,14.66,103486504.0,1839243225.0,0
2020-10-28,14.66,14.78,14.27,14.55,120582386.0,2125604542.0,0
2020-10-29,14.48,14.8,14.32,14.67,84660362.0,1498040948.0,0
2020-10-30,14.64,15.16,14.53,14.65,100780383.0,1813064343.0,0
2020-11-02,14.57,14.9,14.3,14.55,96845277.0,1702741438.0,0
2020-11-03,14.62,15.14,14.61,14.82,95786863.0,1727488482.0,0
2020-11-04,15.15,15.25,14.82,15.12,124763640.0,2275824963.0,0
2020-11-05,15.16,15.27,14.48,14.61,142946944.0,2558562453.0,0
2020-11-06,14.62,14.65,14.21,14.56,84878153.0,1486492208.0,0
2020-11-09,14.59,14.86,14.48,14.73,95142432.0,1688807402.0,0
2020-11-10,14.86,15.27,14.8,14.95,102106281.0,1854142809.0,0
2020-11-11,15.02,15.11,14.53,14.7,94013007.0,1677811479.0,0
2020-11-12,14.7,14.81,14.4,14.58,67725848.0,1197284181.0,0
2020-11-13,14.38,14.42,13.78,14.18,128918923.0,2191492021.0,0
2020-11-16,14.1,14.39,13.95,14.34,75985693.0,1308190460.0,0
2020-11-17,14.35,14.8,14.24,14.72,85293051.0,1509511578.0,0
2020-11-18,14.68,15.27,14.65,15.24,137340072.0,2508632642.0,0
2020-11-19,15.34,15.67,15.11,15.56,121174062.0,2270476475.0,0
2020-11-20,15.54,15.68,15.29,15.57,67391922.0,1265262916.0,0
2020-11-23,15.56,16.2,15.52,16.2,116585826.0,2252290578.0,0
2020-11-24,16.2,16.24,15.82,15.98,67854323.0,1313496137.0,0
2020-11-25,16.08,16.26,15.72,15.73,55258501.0,1068352014.0,0
2020-11-26,15.72,16.19,15.71,16.1,63965789.0,1240074378.0,0
2020-11-27,16.51,16.51,16.0,16.26,75377374.0,1479430636.0,0
2020-11-30,16.43,17.24,16.17,16.29,158144128.0,3213680470.0,0
2020-12-01,16.26,16.93,16.01,16.55,126371975.0,2516010782.0,0
2020-12-02,16.45,16.56,16.11,16.2,88938529.0,1758639188.0,0
2020-12-03,16.33,16.39,15.82,16.13,71445230.0,1393085021.0,0
2020-12-04,16.07,16.07,15.66,15.93,89134784.0,1707639065.0,0
2020-12-07,15.94,16.01,15.42,15.61,87380661.0,1655173465.0,0
2020-12-08,15.62,15.71,15.3,15.44,71964751.0,1345951734.0,0
2020-12-09,15.51,15.72,15.42,15.44,67722115.0,1277484441.0,0
2020-12-10,15.46,15.58,15.23,15.39,60786655.0,1130916254.0,0
2020-12-11,15.44,15.52,15.04,15.29,88779387.0,1642392314.0,0
2020-12-14,15.35,15.73,15.27,15.58,83599174.0,1575396008.0,0
2020-12-15,15.52,15.56,14.98,15.47,78885794.0,1458268621.0,0
2020-12-16,15.52,15.77,15.34,15.69,68907042.0,1302133815.0,0
2020-12-17,15.61,15.74,15.35,15.64,68614069.0,1294658299.0,0
2020-12-18,15.68,15.77,15.05,15.16,105875636.0,1959764075.0,0
2020-12-21,15.11,15.39,14.88,15.09,90687811.0,1662649810.0,0
2020-12-22,15.16,15.39,14.76,14.78,102873751.0,1873638734.0,0
2020-12-23,14.82,14.92,14.68,14.86,75008273.0,1345650736.0,0
2020-12-24,14.98,15.26,14.9,15.07,63295012.0,1155767284.0,0
2020-12-25,15.07,15.07,14.69,14.89,57707733.0,1038128197.0,0
2020-12-28,14.87,15.57,14.82,15.56,127033706.0,2352947322.0,0
2020-12-29,15.58,15.93,15.44,15.82,96309223.0,1837947238.0,0
2020-12-30,15.68,15.85,15.45,15.85,97849778.0,1854082812.0,0
2020-12-31,15.86,16.16,15.7,15.96,92450343.0,1781736286.0,0
2021-01-04,15.77,15.77,15.22,15.35,155421643.0,2891682312.0,0
2021-01-05,15.19,15.25,14.69,15.0,182135210.0,3284606914.0,0
2021-01-06,14.92,16.15,14.86,16.15,193494512.0,3648521909.0,0
2021-01-07,16.11,16.49,15.87,16.43,158418530.0,3111274625.0,0
2021-01-08,16.43,16.59,15.94,16.38,119547322.0,2348316363.0,0
2021-01-11,16.51,17.04,16.51,16.82,179045714.0,3652546647.0,0
2021-01-12,16.83,17.33,16.66,17.33,128816550.0,2657687441.0,0
2021-01-13,17.33,17.34,16.84,17.09,104911973.0,2161849708.0,0
2021-01-14,17.07,17.24,16.47,16.65,113015562.0,2306404547.0,0
2021-01-15,17.33,18.12,17.19,17.33,248068898.0,5311218075.0,0
2021-01-18,17.5,18.8,17.5,18.74,215730178.0,4792909448.0,0
2021-01-19,18.58,18.85,18.2,18.44,124208834.0,2790056611.0,0
2021-01-20,18.28,18.96,18.26,18.55,128079316.0,2889249850.0,0
2021-01-21,18.57,18.82,18.28,18.35,94477860.0,2114252732.0,0
2021-01-22,18.35,18.35,17.76,18.18,92443442.0,2025834762.0,0
2021-01-25,17.93,18.65,17.69,18.56,102836527.0,2269032821.0,0
2021-01-26,18.41,19.25,18.41,18.47,112672055.0,2558575512.0,0
2021-01-27,18.42,19.37,18.42,19.05,129415272.0,2976800956.0,0
2021-01-28,18.8,19.13,18.53,18.83,85747696.0,1948881147.0,0
2021-01-29,18.83,19.43,18.75,19.06,124025841.0,2864101419.0,0
2021-02-01,18.99,20.63,18.74,20.26,147523930.0,3529556987.0,0
2021-02-02,19.3,19.89,18.91,19.22,241616877.0,5679179942.0,0
2021-02-03,19.38,20.78,19.3,20.59,192327159.0,4690176486.0,0
2021-02-04,19.96,20.83,19.84,20.31,125524750.0,3084553751.0,0
2021-02-05,20.31,20.89,20.03,20.58,101557559.0,2517804160.0,0
2021-02-08,20.55,20.55,19.89,20.47,108426467.0,2650948251.0,0
2021-02-09,20.46,20.5,19.95,20.29,94209355.0,2302978158.0,0
2021-02-10,20.31,20.6,19.3,19.66,191886710.0,4569741960.0,0
2021-02-18,19.81,20.26,19.38,20.06,150523081.0,3619387652.0,0
2021-02-19,19.78,19.97,19.46,19.69,92258314.0,2197558287.0,0
2021-02-22,19.65,19.65,18.37,18.47,195684248.0,4445818548.0,0
2021-02-23,18.47,18.72,18.01,18.1,187046013.0,4160776611.0,0
2021-02-24,18.38,18.39,17.8,18.29,142849985.0,3144209052.0,0
2021-02-25,18.49,18.62,17.9,18.23,159340347.0,3524600794.0,0
2021-02-26,17.83,18.13,17.51,17.65,112497730.0,2424653753.0,0
2021-03-01,17.78,17.9,17.48,17.71,112538653.0,2408050906.0,0
2021-03-02,17.85,18.28,17.55,17.87,147342505.0,3196536981.0,0
2021-03-03,17.81,19.05,17.71,18.99,191963527.0,4320024431.0,0
2021-03-04,18.8,19.39,18.7,18.92,121357937.0,2799747146.0,0
2021-03-05,18.74,18.97,18.04,18.44,88017141.0,1960439115.0,0
2021-03-08,18.52,18.73,17.73,17.83,99377397.0,2189190958.0,0
2021-03-09,17.9,18.09,16.99,17.21,136189533.0,2882931928.0,0
2021-03-10,17.2,17.26,16.74,16.84,114941657.0,2356185004.0,0
2021-03-11,16.99,17.65,16.97,17.56,104865939.0,2213107787.0,0
2021-03-12,17.64,17.91,17.5,17.73,69720060.0,1494219076.0,0
2021-03-15,17.66,18.26,17.43,17.83,95874870.0,2077984894.0,0
2021-03-16,17.83,18.25,17.56,17.88,93968432.0,2038470661.0,0
2021-03-17,17.71,17.79,17.25,17.5,82148865.0,1738185857.0,0
2021-03-18,17.58,17.94,17.33,17.94,69161019.0,1483801549.0,0
2021-03-19,17.77,17.87,16.81,16.9,152562227.0,3159181043.0,0
2021-03-22,16.96,17.79,16.95,17.79,145119008.0,3087549484.0,0
2021-03-23,17.8,17.87,17.3,17.52,68290338.0,1448043613.0,0
2021-03-24,17.51,17.57,16.88,16.95,85008507.0,1757688572.0,0
2021-03-25,16.99,17.19,16.84,17.13,49266574.0,1017166049.0,0
2021-03-26,17.2,17.66,17.14,17.45,82210806.0,1733412579.0,0
2021-03-29,17.57,17.87,17.5,17.74,78566668.0,1684397866.0,0
2021-03-30,17.65,18.1,17.51,18.1,73865481.0,1601238499.0,0
2021-03-31,17.97,18.22,17.83,18.17,77702807.0,1699922184.0,0
2021-04-01,18.23,18.25,17.75,17.98,54444898.0,1183868024.0,0
2021-04-02,17.91,17.94,17.63,17.75,58108352.0,1249405387.0,0
2021-04-06,17.79,18.23,17.76,17.9,40110282.0,873387017.0,0
2021-04-07,18.06,18.1,17.59,17.86,51760459.0,1116774452.0,0
2021-04-08,17.71,17.94,17.61,17.8,38302950.0,825170841.0,0
2021-04-09,17.92,17.93,17.4,17.58,39896028.0,849870878.0,0
2021-04-12,17.76,17.76,17.03,17.09,59474314.0,1240067320.0,0
2021-04-13,17.1,17.24,17.0,17.15,49990418.0,1036992693.0,0
2021-04-14,17.16,17.28,16.86,17.06,53743849.0,1113001542.0,0
2021-04-15,17.14,17.14,16.57,16.81,73586505.0,1494016041.0,0
2021-04-16,16.81,16.86,16.35,16.72,72999826.0,1466509057.0,0
2021-04-19,16.53,17.53,16.43,17.46,111228262.0,2304021478.0,0
2021-04-20,17.4,18.12,17.27,17.9,83477272.0,1798249024.0,0
2021-04-21,18.41,19.14,18.4,18.99,159709965.0,3644577541.0,0
2021-04-22,19.14,19.17,18.8,18.97,82969388.0,1905208912.0,0
2021-04-23,19.25,19.52,19.04,19.22,82323015.0,1920413502.0,0
2021-04-26,19.7,20.0,18.9,18.94,87241767.0,2037109597.0,0
2021-04-27,18.94,19.14,18.87,18.94,47043140.0,1083043579.0,0
2021-04-28,19.22,19.36,18.8,19.27,59383793.0,1375141410.0,0
2021-04-29,19.27,19.57,19.08,19.47,61483688.0,1439823965.0,0
2021-04-30,19.27,19.39,18.99,19.22,56198132.0,1308177203.0,0
2021-05-06,19.07,19.56,19.07,19.4,50029522.0,1174181608.0,0
2021-05-07,19.54,20.06,19.31,19.85,80221421.0,1929112374.0,0
2021-05-10,19.81,19.84,19.0,19.69,66143890.0,1566860764.0,0
2021-05-11,19.5,19.6,19.03,19.42,49722345.0,1161846399.0,0
2021-05-12,19.22,19.51,18.89,19.44,53326526.0,1245517717.0,0
2021-05-13,19.41,19.47,18.85,19.04,54965250.0,1271946299.0,0
2021-05-14,19.25,19.49,18.8,19.4,56378536.0,1300250944.0,0
2021-05-17,19.26,19.82,19.09,19.63,52756465.0,1241605192.0,0
2021-05-18,19.84,20.06,19.47,19.88,39541498.0,939786732.0,0
2021-05-19,19.82,20.07,19.57,19.63,42942033.0,1022553739.0,0
2021-05-20,19.48,19.83,19.36,19.82,40578837.0,957478854.0,0
2021-05-21,19.87,20.04,19.16,19.54,53933574.0,1263058115.0,0
2021-05-24,19.53,19.63,19.29,19.53,34393563.0,806092207.0,0
2021-05-25,19.58,20.57,19.51,20.47,97237462.0,2363145903.0,0
2021-05-26,20.5,20.9,20.38,20.81,91926378.0,2286540249.0,0
2021-05-27,20.72,20.93,20.4,20.62,50409136.0,1246712049.0,0
2021-05-28,20.53,20.56,20.1,20.38,49240073.0,1200523316.0,0
2021-05-31,20.24,20.41,19.89,20.13,51535081.0,1244209046.0,0
2021-06-01,20.13,20.17,19.55,19.9,62501796.0,1490476625.0,0
2021-06-02,19.87,19.9,19.45,19.87,49752702.0,1176608127.0,0
2021-06-03,19.73,20.08,19.7,19.77,40090085.0,958876472.0,0
2021-06-04,19.96,20.76,19.8,20.42,75673942.0,1851425838.0,0
2021-06-07,20.37,20.37,19.91,20.22,44791410.0,1081738833.0,0
2021-06-08,20.09,20.44,19.92,20.41,57007792.0,1384120301.0,0
2021-06-09,20.32,20.7,20.12,20.51,45383150.0,1116771375.0,0
2021-06-10,20.52,20.85,20.09,20.13,53021516.0,1294972567.0,0
2021-06-11,20.22,20.26,19.23,19.44,83466504.0,1965393116.0,0
2021-06-15,19.43,19.49,18.97,19.32,66062259.0,1524503478.0,0
2021-06-16,19.32,19.47,19.14,19.35,37820804.0,878470834.0,0
2021-06-17,19.15,19.71,19.15,19.22,45328209.0,1059121804.0,0
2021-06-18,19.24,19.37,18.63,18.84,69409930.0,1574437730.0,0
2021-06-21,18.8,18.86,18.31,18.44,71827274.0,1600119860.0,0
2021-06-22,18.62,19.21,18.51,19.11,75775141.0,1720058047.0,0
2021-06-23,19.01,19.48,18.9,19.25,44790778.0,1035835696.0,0
2021-06-24,19.16,19.23,18.87,19.2,39028349.0,894502109.0,0
2021-06-25,19.2,19.63,19.18,19.43,55997295.0,1310287390.0,0
2021-06-28,19.43,19.46,18.7,18.95,62625737.0,1425702202.0,0
2021-06-29,18.78,18.96,18.3,18.59,104974939.0,2341926371.0,0
2021-06-30,18.6,19.08,18.59,18.82,40343546.0,913285187.0,0
2021-07-01,18.98,19.55,18.74,19.3,66483330.0,1530548799.0,0
2021-07-02,18.9,18.92,18.1,18.14,107067756.0,2360189794.0,0
2021-07-05,18.04,18.43,17.55,18.35,85934129.0,1859394324.0,0
2021-07-06,18.37,19.13,18.18,18.95,79195726.0,1784792786.0,0
2021-07-07,18.87,19.18,18.72,18.76,46894487.0,1063910096.0,0
2021-07-08,18.95,18.95,17.64,17.89,145705947.0,3140657440.0,0
2021-07-09,17.72,17.99,17.49,17.7,76236474.0,1625461608.0,0
2021-07-12,17.89,17.89,17.38,17.6,87790102.0,1859059510.0,0
2021-07-13,17.6,17.75,17.09,17.57,65761395.0,1382029130.0,0
2021-07-14,17.47,17.47,16.98,17.27,84795055.0,1755810875.0,0
2021-07-15,17.24,18.07,17.16,17.99,95600305.0,2040266259.0,0
2021-07-16,17.81,18.15,17.72,17.75,57300261.0,1230180813.0,0
2021-07-19,17.77,17.83,17.29,17.65,52213595.0,1098434742.0,0
2021-07-20,17.55,17.64,17.03,17.14,80403433.0,1665315546.0,0
2021-07-21,17.12,17.3,16.81,17.01,75307652.0,1535327562.0,0
2021-07-22,17.01,17.19,16.84,16.95,86864809.0,1773999331.0,0
2021-07-23,16.95,16.95,16.64,16.72,72740433.0,1461467512.0,0
2021-07-26,16.61,16.63,15.33,15.64,145130394.0,2770236696.0,0
2021-07-27,15.7,15.8,14.64,14.78,135755148.0,2461708370.0,0
2021-07-28,14.85,15.03,14.71,14.77,106299421.0,1898562592.0,0
2021-07-29,14.9,15.17,14.79,14.94,87237812.0,1566107824.0,0
2021-07-30,14.91,15.02,14.34,14.72,95015588.0,1679747318.0,0
2021-08-02,14.68,15.09,14.29,14.98,115992263.0,2056014243.0,0
2021-08-03,14.97,15.1,14.69,14.88,89694857.0,1609422575.0,0
2021-08-04,15.01,15.03,14.64,14.82,72962008.0,1300164293.0,0
2021-08-05,14.73,15.02,14.63,14.71,62157388.0,1104903005.0,0
2021-08-06,14.6,14.89,14.52,14.86,56745413.0,1005870949.0,0
2021-08-09,14.9,16.01,14.84,15.86,175279800.0,3313803231.0,0
2021-08-10,15.88,16.62,15.72,16.41,130198844.0,2535427989.0,0
2021-08-11,16.63,17.12,16.39,16.48,104830844.0,2104975145.0,0
2021-08-12,16.46,16.89,16.33,16.55,66645800.0,1330388046.0,0
2021-08-13,16.46,16.57,16.22,16.55,56288502.0,1110191399.0,0
2021-08-16,16.71,16.81,16.28,16.6,62705022.0,1247681171.0,0
2021-08-17,16.51,16.82,16.31,16.36,47602194.0,947385521.0,0
2021-08-18,16.36,17.64,16.26,17.15,133273216.0,2732213549.0,0
2021-08-19,17.04,17.15,16.66,16.92,64997561.0,1315320352.0,0
2021-08-20,16.61,16.7,15.56,16.16,161462793.0,3119152555.0,0
2021-08-23,16.22,16.68,15.9,16.06,119184935.0,2315871646.0,0
2021-08-24,16.1,16.61,15.98,16.11,86895330.0,1690760837.0,0
2021-08-25,16.16,16.2,15.77,15.94,69808397.0,1341330419.0,0
2021-08-26,15.97,16.02,15.32,15.36,95161900.0,1783725035.0,0
2021-08-27,15.44,15.71,15.23,15.3,72882023.0,1354408977.0,0
2021-08-30,15.15,15.22,14.6,14.74,125221101.0,2221855859.0,0
2021-08-31,14.74,14.92,14.4,14.81,117486786.0,2072006842.0,0
2021-09-01,14.54,14.91,14.15,14.87,231689409.0,4046284163.0,0
2021-09-02,14.97,15.62,14.81,15.31,242260354.0,4454545280.0,0
2021-09-03,15.39,15.39,14.73,15.01,139481871.0,2523273155.0,0
2021-09-06,14.92,15.47,14.79,15.35,151522556.0,2780281081.0,0
2021-09-07,15.47,16.27,15.27,16.01,162234416.0,3067365669.0,0
2021-09-08,16.01,16.26,15.89,16.0,102620105.0,1979771480.0,0
2021-09-09,15.9,15.93,15.64,15.81,73950585.0,1399536021.0,0
2021-09-10,15.72,17.28,15.67,17.11,231494528.0,4668361828.0,0
2021-09-13,16.94,17.06,16.48,16.81,129722802.0,2606152379.0,0
2021-09-14,16.79,16.86,16.03,16.11,115817315.0,2272080157.0,0
2021-09-15,16.06,17.46,15.96,16.24,84161841.0,1639298361.0,0
2021-09-16,16.06,16.22,15.58,15.87,117695356.0,2234474948.0,0
2021-09-17,15.72,15.81,15.32,15.42,112487963.0,2098715197.0,0
2021-09-22,14.87,15.02,14.49,14.96,147336521.0,2616707243.0,0
2021-09-23,15.06,15.24,14.68,14.71,137983759.0,2465683705.0,0
2021-09-24,14.64,14.71,14.43,14.43,126569628.0,2209461934.0,0
2021-09-27,14.32,14.71,14.19,14.62,114066759.0,1979196739.0,0
2021-09-28,14.53,15.12,14.52,14.95,129316747.0,2311265536.0,0
2021-09-29,14.86,15.34,14.73,15.1,123012175.0,2225416488.0,0
2021-09-30,15.05,15.14,14.73,14.92,79561105.0,1424675917.0,0
2021-10-08,15.12,15.72,14.99,15.51,115920062.0,2146983882.0,0
2021-10-11,15.81,16.42,15.81,16.14,145533835.0,2829310844.0,0
2021-10-12,16.06,16.4,15.97,16.1,103123218.0,2004823968.0,0
2021-10-13,16.06,16.56,15.95,16.29,80789668.0,1577612470.0,0
2021-10-14,16.3,16.57,15.72,15.98,84298987.0,1623970431.0,0
2021-10-15,15.81,16.56,15.81,16.36,99349378.0,1948647237.0,0
2021-10-18,16.18,16.26,15.89,16.05,72962250.0,1408737777.0,0
2021-10-19,15.93,16.37,15.93,16.28,68241515.0,1330501302.0,0
2021-10-20,16.43,16.46,15.96,16.01,66295555.0,1283356219.0,0
2021-10-21,16.24,16.69,16.01,16.64,162166101.0,3198266215.0,0
2021-10-22,16.77,17.13,16.47,16.67,113496363.0,2287284921.0,0
2021-10-25,16.4,16.81,16.22,16.74,73082823.0,1458800090.0,0
2021-10-26,16.69,17.01,16.52,16.68,65280684.0,1313475883.0,0
2021-10-27,16.64,16.78,16.3,16.57,68760019.0,1365982834.0,0
2021-10-28,16.47,16.59,16.11,16.41,61901089.0,1211946109.0,0
2021-10-29,16.33,16.42,16.07,16.22,53992976.0,1052760273.0,0
2021-11-01,16.08,16.41,15.82,16.13,84149020.0,1626762030.0,0
2021-11-02,16.11,16.21,14.97,15.12,199769050.0,3691356324.0,0
2021-11-03,15.06,15.17,14.85,15.0,111497204.0,2009325066.0,0
2021-11-04,15.04,15.06,14.81,14.87,98341098.0,1760671898.0,0
2021-11-05,14.85,14.97,14.62,14.68,109603988.0,1942415605.0,0
2021-11-08,14.66,14.82,14.44,14.49,137681482.0,2406417772.0,0
2021-11-09,14.54,14.68,14.36,14.58,124057275.0,2163193119.0,0
2021-11-10,14.53,14.53,14.28,14.48,122085088.0,2109735147.0,0
2021-11-11,14.43,15.33,14.41,15.27,208472900.0,3752413859.0,0
2021-11-12,15.23,15.5,15.07,15.2,95754646.0,1753072716.0,0
2021-11-15,15.27,15.5,15.14,15.33,65508999.0,1203764096.0,0
2021-11-16,15.27,15.42,15.12,15.16,60111048.0,1099113409.0,0
2021-11-17,15.1,15.22,14.96,15.07,66464038.0,1203859180.0,0
2021-11-18,15.05,15.07,14.75,14.81,79984377.0,1430058312.0,0
2021-11-19,14.81,15.17,14.73,15.1,78637156.0,1414506380.0,0
2021-11-22,15.0,15.18,14.89,15.07,73861780.0,1337768172.0,0
2021-11-23,15.07,15.27,14.71,14.87,123597796.0,2213817591.0,0
2021-11-24,14.78,14.93,14.69,14.87,74131084.0,1316774398.0,0
2021-11-25,14.76,14.8,14.67,14.71,60353270.0,1068221305.0,0
2021-11-26,14.66,14.7,14.58,14.63,69449988.0,1219937313.0,0
2021-11-29,14.48,14.62,14.44,14.57,51259471.0,895105982.0,0
2021-11-30,14.59,14.71,14.43,14.51,73361606.0,1280384552.0,0
2021-12-01,14.5,14.78,14.45,14.68,70692519.0,1243666842.0,0
2021-12-02,14.66,14.82,14.45,14.63,99479835.0,1749164558.0,0
2021-12-03,14.68,14.73,14.48,14.68,70759974.0,1242375057.0,0
2021-12-06,14.85,15.44,14.81,15.06,214562528.0,3896385172.0,0
2021-12-07,15.22,15.53,15.1,15.36,161644387.0,2979968977.0,0
2021-12-08,15.35,15.43,15.11,15.37,98028118.0,1798691053.0,0
2021-12-09,15.38,15.86,15.28,15.56,145588668.0,2726663443.0,0
2021-12-10,15.4,15.56,15.2,15.29,98925513.0,1824076523.0,0
2021-12-13,15.37,15.71,15.12,15.2,131449027.0,2427803722.0,0
2021-12-14,15.11,15.12,14.58,14.63,193720890.0,3434156328.0,0
2021-12-15,14.57,14.69,14.48,14.6,129462741.0,2269821045.0,0
2021-12-16,14.6,14.75,14.53,14.74,81947951.0,1445483375.0,0
2021-12-17,14.73,14.77,14.62,14.62,60236967.0,1062875483.0,0
2021-12-20,14.61,14.68,14.52,14.58,74643520.0,1309029269.0,0
2021-12-21,14.55,14.73,14.54,14.63,89373404.0,1572895582.0,0
2021-12-22,14.66,14.68,14.39,14.47,97692775.0,1701772584.0,0
2021-12-23,14.48,14.5,14.32,14.41,105957594.0,1831122716.0,0
2021-12-24,14.42,14.43,14.32,14.4,48825149.0,843109665.0,0
2021-12-27,14.42,14.43,14.28,14.33,73111899.0,1260455319.0,0
2021-12-28,14.33,14.42,14.22,14.28,112663891.0,1934461076.0,0
2021-12-29,14.28,14.28,13.89,13.93,146937398.0,2480534593.0,0
2021-12-30,13.94,14.1,13.91,13.99,79666360.0,1342374249.0,0
2021-12-31,14.03,14.06,13.64,13.71,175076089.0,2899617149.0,0
2022-01-04,13.71,13.86,13.46,13.86,116925933.0,1918887051.0,0
2022-01-05,13.79,14.33,13.77,14.27,196199817.0,3344124589.0,0
2022-01-06,14.23,14.37,14.14,14.24,110788519.0,1896535838.0,0
2022-01-07,14.23,14.38,14.19,14.31,112663070.0,1937710958.0,0
2022-01-10,14.38,14.49,14.17,14.3,90977401.0,1563414572.0,0
2022-01-11,14.36,14.59,14.26,14.48,158199940.0,2752485391.0,0
2022-01-12,14.48,14.52,14.06,14.14,150216355.0,2561266412.0,0
2022-01-13,14.07,14.34,13.99,14.13,90942265.0,1550319159.0,0
2022-01-14,14.14,14.16,13.56,13.59,210309491.0,3459950805.0,0
2022-01-17,13.6,13.71,13.41,13.49,114368943.0,1855633790.0,0
2022-01-18,13.52,13.76,13.44,13.74,115297431.0,1891094610.0,0
2022-01-19,13.76,13.88,13.61,13.73,98839185.0,1630973587.0,0
2022-01-20,13.7,14.53,13.66,14.42,303119377.0,5195805550.0,0
2022-01-21,14.52,14.61,14.32,14.43,148168295.0,2575115125.0,0
2022-01-24,14.43,14.46,14.13,14.31,87477087.0,1501390339.0,0
2022-01-25,14.21,14.21,13.98,14.02,109328397.0,1851999025.0,0
2022-01-26,14.1,14.23,13.76,13.85,98497522.0,1646384984.0,0
2022-01-27,13.73,13.76,13.52,13.56,102464311.0,1677261296.0,0
2022-01-28,13.64,13.69,13.16,13.17,167556367.0,2695470331.0,0
2022-02-07,13.33,13.65,13.22,13.64,151547630.0,2451798486.0,0
2022-02-08,13.56,14.12,13.53,14.0,175469528.0,2950309012.0,0
2022-02-09,14.08,14.14,13.9,14.03,105116166.0,1774253637.0,0
2022-02-10,13.95,14.17,13.87,14.13,78455735.0,1326848948.0,0
2022-02-11,14.17,14.43,14.17,14.23,107813914.0,1852167493.0,0
2022-02-14,14.23,14.27,13.74,13.79,115065851.0,1917613419.0,0
2022-02-15,13.73,13.87,13.39,13.54,120826437.0,1968985378.0,0
2022-02-16,13.6,13.75,13.49,13.65,78239959.0,1282234150.0,0
2022-02-17,13.64,13.77,13.58,13.66,79450184.0,1306514350.0,0
2022-02-18,13.58,13.95,13.57,13.95,80249940.0,1330233366.0,0
2022-02-21,13.86,13.87,13.58,13.74,80099455.0,1316023718.0,0
2022-02-22,13.57,13.68,13.44,13.5,89495673.0,1454156225.0,0
2022-02-23,13.56,13.57,13.34,13.47,88674244.0,1431289852.0,0
2022-02-24,13.42,13.44,13.14,13.24,132408685.0,2112842553.0,0
2022-02-25,13.3,13.38,13.2,13.23,72639707.0,1157890268.0,0
2022-02-28,13.23,13.24,12.99,13.1,72399045.0,1137154095.0,0
2022-03-01,13.14,13.27,12.99,13.24,93504034.0,1474693965.0,0
2022-03-02,13.14,13.2,13.03,13.04,76076086.0,1196321949.0,0
2022-03-03,13.09,13.15,13.0,13.07,57828505.0,908171588.0,0
2022-03-04,12.99,13.0,12.71,12.75,99093566.0,1523793665.0,0
2022-03-07,12.62,12.62,12.2,12.25,111315899.0,1655959942.0,0
2022-03-08,12.16,12.36,11.86,11.9,100303269.0,1463145930.0,0
2022-03-09,11.98,12.02,11.0,11.51,180076017.0,2492042993.0,0
2022-03-10,11.8,12.27,11.72,12.12,224915816.0,3269867788.0,0
2022-03-11,11.98,12.46,11.77,12.4,149364697.0,2187480611.0,0
2022-03-14,12.17,12.42,12.02,12.05,111840734.0,1637278471.0,0
2022-03-15,11.98,11.98,11.31,11.38,178140887.0,2479769555.0,0
2022-03-16,11.53,11.98,11.24,11.9,153177906.0,2141637066.0,0
2022-03-17,12.2,12.24,11.85,12.02,173006142.0,2506504217.0,0
2022-03-18,11.95,12.35,11.76,12.23,152880713.0,2222158762.0,0
2022-03-21,12.06,12.33,11.97,12.14,120886805.0,1765673892.0,0
2022-03-22,12.14,12.66,12.06,12.63,162865658.0,2443174056.0,0
2022-03-23,12.57,12.64,12.4,12.48,105010238.0,1577561342.0,0
2022-03-24,12.41,12.74,12.32,12.65,100235995.0,1518870080.0,0
2022-03-25,12.6,12.69,12.33,12.46,74293335.0,1116354595.0,0
2022-03-28,12.31,12.52,12.17,12.35,72713699.0,1078327303.0,0
2022-03-29,12.38,12.44,12.15,12.21,61564315.0,909169631.0,0
2022-03-30,12.36,12.7,12.28,12.65,123679155.0,1859617041.0,0
2022-03-31,12.56,12.95,12.53,12.8,116374674.0,1789209947.0,0
2022-04-01,12.79,13.14,12.65,13.1,148487874.0,2319616863.0,0
2022-04-06,13.01,13.76,13.0,13.64,248854005.0,4064051492.0,0
2022-04-07,13.63,13.86,13.48,13.54,165906455.0,2724002905.0,0
2022-04-08,13.53,13.69,13.42,13.64,106677946.0,1741072072.0,0
2022-04-11,13.6,13.64,13.14,13.35,141673536.0,2277469056.0,0
2022-04-12,13.35,13.53,13.03,13.24,103926142.0,1654820083.0,0
2022-04-13,13.22,13.38,13.08,13.14,89062806.0,1415496126.0,0
2022-04-14,13.31,13.52,13.24,13.34,92961494.0,1493343952.0,0
2022-04-15,13.23,13.75,13.19,13.66,123176103.0,2014010094.0,0
2022-04-18,13.44,13.48,13.15,13.23,108688756.0,1734236524.0,0
2022-04-19,13.23,13.29,12.99,13.15,82177249.0,1294226951.0,0
2022-04-20,13.15,13.35,13.06,13.19,71655528.0,1137697847.0,0
2022-04-21,13.12,13.29,13.06,13.15,70989116.0,1124663651.0,0
2022-04-22,13.01,13.47,12.81,13.36,92127408.0,1468452958.0,0
2022-04-25,13.04,13.24,12.3,12.35,166448098.0,2527610217.0,0
2022-04-26,12.38,12.46,12.02,12.25,98820956.0,1456929632.0,0
2022-04-27,12.46,13.02,12.45,13.02,149029503.0,2296798759.0,0
2022-04-28,12.95,13.25,12.79,13.02,91177187.0,1426381926.0,0
2022-04-29,13.05,13.09,12.45,12.75,164501308.0,2503476828.0,0
2022-05-05,12.65,12.85,12.6,12.75,79019620.0,1208735142.0,0
2022-05-06,12.5,12.65,12.4,12.45,83243182.0,1250995595.0,0
2022-05-09,12.43,12.43,12.03,12.1,81862135.0,1197104247.0,0
2022-05-10,12.06,12.15,11.74,12.14,99228502.0,1425836927.0,0
2022-05-11,12.1,12.35,12.01,12.17,84857362.0,1240700426.0,0
2022-05-12,12.05,12.11,11.92,11.96,68506423.0,987061607.0,0
2022-05-13,12.06,12.2,12.05,12.15,67631191.0,985962932.0,0
2022-05-16,12.2,12.25,11.94,11.99,66822782.0,965652298.0,0
2022-05-17,12.07,12.25,11.91,12.24,93140639.0,1357428407.0,0
2022-05-18,12.35,12.39,12.2,12.27,77857833.0,1150500438.0,0
2022-05-19,12.1,12.23,12.06,12.16,59092172.0,863214131.0,0
2022-05-20,12.23,12.51,12.2,12.5,94859778.0,1415164711.0,0
2022-05-23,12.54,12.54,12.28,12.34,64772592.0,962683729.0,0
2022-05-24,12.37,12.37,11.98,11.98,93355706.0,1358693535.0,0
2022-05-25,12.0,12.05,11.9,11.97,60322826.0,866228924.0,0
2022-05-26,11.99,12.0,11.71,11.81,101131756.0,1435689342.0,0
2022-05-27,11.89,11.94,11.74,11.8,72306674.0,1029702186.0,0
2022-05-30,11.86,11.88,11.68,11.71,89690123.0,1265573048.0,0
2022-05-31,11.71,11.8,11.65,11.78,93886855.0,1325012048.0,0
2022-06-01,11.76,11.76,11.65,11.71,84529898.0,1187423732.0,0
2022-06-02,11.66,11.67,11.55,11.61,97926822.0,1363740798.0,0
2022-06-06,11.57,11.79,11.35,11.79,171085175.0,2370807610.0,0
2022-06-07,11.66,11.86,11.64,11.78,131511262.0,1860366716.0,0
2022-06-08,11.78,11.79,11.66,11.78,114552124.0,1613524958.0,0
2022-06-09,11.76,12.03,11.73,11.94,163290134.0,2339986708.0,0
2022-06-10,11.86,11.92,11.76,11.91,134601231.0,1914639698.0,0
2022-06-13,11.8,11.81,11.55,11.57,154775285.0,2163340109.0,0
2022-06-14,11.41,11.76,11.41,11.75,115142939.0,1602169898.0,0
2022-06-15,11.73,12.57,11.7,12.26,341354371.0,5010292727.0,0
2022-06-16,12.26,12.34,12.0,12.01,133254631.0,1939976255.0,0
2022-06-17,11.91,12.09,11.81,12.02,105378794.0,1513925914.0,0
2022-06-20,12.01,12.01,11.86,11.93,103216680.0,1479529787.0,0
2022-06-21,11.93,12.17,11.84,11.95,132179398.0,1905346057.0,0
2022-06-22,11.95,11.95,11.71,11.71,105604592.0,1498415784.0,0
2022-06-23,11.72,11.84,11.7,11.81,80602803.0,1140899092.0,0
2022-06-24,11.81,11.86,11.74,11.84,86604061.0,1227798687.0,0
2022-06-27,11.85,12.11,11.83,12.05,149727818.0,2166380438.0,0
2022-06-28,12.04,12.2,11.99,12.17,112511048.0,1638673242.0,0
2022-06-29,12.19,12.4,12.1,12.18,126654728.0,1865064678.0,0
2022-06-30,12.17,12.5,12.1,12.46,154874501.0,2304888692.0,0
2022-07-01,12.48,12.54,12.35,12.41,77924332.0,1164030776.0,0
2022-07-04,12.44,12.46,12.27,12.43,83496807.0,1241453402.0,0
2022-07-05,12.47,12.7,12.33,12.4,111517210.0,1674719025.0,0
2022-07-06,12.34,12.42,12.03,12.09,104333523.0,1520022515.0,0
2022-07-07,12.1,12.19,11.96,12.0,73016098.0,1057696547.0,0
2022-07-08,12.06,12.19,11.95,12.1,63969823.0,928850349.0,0
2022-07-11,12.06,12.12,11.95,12.03,61169194.0,883613754.0,0
2022-07-12,11.99,12.25,11.96,12.0,74288242.0,1078431990.0,0
2022-07-13,12.0,12.04,11.56,11.62,217599606.0,3056913118.0,0
2022-07-14,11.4,11.41,11.06,11.12,263212087.0,3534578702.0,0
2022-07-15,11.21,11.28,11.0,11.01,159863740.0,2139915274.0,0
2022-07-18,11.02,11.18,10.99,11.14,115350581.0,1536340973.0,0
2022-07-19,11.1,11.17,11.05,11.16,75559710.0,1008562417.0,0
2022-07-20,11.17,11.21,11.11,11.14,80145866.0,1073936300.0,0
2022-07-21,11.08,11.1,10.81,10.82,197038789.0,2588696130.0,0
2022-07-22,10.87,10.95,10.69,10.85,137650974.0,1755555714.0,0
2022-07-25,10.84,10.88,10.73,10.86,76395581.0,976071707.0,0
2022-07-26,10.8,10.93,10.76,10.93,102404881.0,1314310442.0,0
2022-07-27,10.88,10.91,10.78,10.83,92391408.0,1182889761.0,0
2022-07-28,10.85,10.93,10.82,10.91,75034652.0,964903658.0,0
2022-07-29,10.91,10.92,10.71,10.74,83149747.0,1059518585.0,0
2022-08-01,10.72,10.72,10.5,10.52,102573271.0,1277987010.0,0
2022-08-02,10.35,10.45,10.11,10.38,137300930.0,1664397666.0,0
2022-08-03,10.32,10.39,10.17,10.19,74613653.0,905653325.0,0
2022-08-04,10.25,10.31,10.18,10.3,60267562.0,729351710.0,0
2022-08-05,10.27,10.44,10.14,10.42,76529787.0,930836354.0,0
2022-08-08,10.37,10.47,10.3,10.33,55199969.0,674950921.0,0
2022-08-09,10.34,10.35,10.23,10.26,55844757.0,677098633.0,0
2022-08-10,10.26,10.36,10.18,10.21,68302321.0,825806008.0,0
2022-08-11,10.23,10.49,10.2,10.46,139930361.0,1710719478.0,0
2022-08-12,10.38,10.51,10.33,10.48,82050356.0,1010612433.0,0
2022-08-15,10.41,10.47,10.24,10.25,117201000.0,1425087455.0,0
2022-08-16,10.25,10.33,10.25,10.27,63122370.0,765907219.0,0
2022-08-17,10.29,10.52,10.22,10.5,134850658.0,1656961619.0,0
2022-08-18,10.57,10.62,10.3,10.37,126970094.0,1560630568.0,0
2022-08-19,10.39,10.8,10.36,10.64,210641724.0,2653471090.0,0
2022-08-22,10.65,10.74,10.51,10.58,113807658.0,1423361879.0,0
2022-08-23,10.54,10.58,10.4,10.45,92146307.0,1137300431.0,0
2022-08-24,10.44,10.62,10.44,10.5,129537533.0,1613309589.0,0
2022-08-25,10.5,10.72,10.42,10.69,106401061.0,1329230362.0,0
2022-08-26,10.74,10.8,10.55,10.68,92763426.0,1168951099.0,0
2022-08-29,10.58,10.64,10.42,10.52,92449065.0,1145189174.0,0
2022-08-30,10.53,10.62,10.4,10.57,79971238.0,991447627.0,0
2022-08-31,10.48,10.82,10.47,10.8,165304158.0,2091408315.0,0
2022-09-01,10.71,10.83,10.65,10.68,86198195.0,1092666277.0,0
2022-09-02,10.69,10.75,10.53,10.59,78636281.0,983433863.0,0
2022-09-05,10.55,10.67,10.47,10.64,63203998.0,788451089.0,0
2022-09-06,10.65,10.72,10.53,10.58,73129499.0,914692184.0,0
2022-09-07,10.52,10.52,10.4,10.44,97981281.0,1208329759.0,0
2022-09-08,10.43,10.53,10.42,10.47,62111692.0,768913484.0,0
2022-09-09,10.5,10.79,10.47,10.77,195129731.0,2469131334.0,0
2022-09-13,10.91,11.02,10.72,10.97,172268989.0,2223707380.0,0
2022-09-14,10.8,10.9,10.75,10.78,85803584.0,1095054829.0,0
2022-09-15,10.84,11.09,10.81,11.01,184101788.0,2393239453.0,0
2022-09-16,10.94,10.97,10.64,10.64,135744781.0,1719252822.0,0
2022-09-19,10.62,10.73,10.57,10.64,63212104.0,793491306.0,0
2022-09-20,10.68,10.69,10.43,10.45,88998853.0,1102212204.0,0
2022-09-21,10.42,10.57,10.33,10.53,68419739.0,845477182.0,0
2022-09-22,10.44,10.47,10.37,10.41,58613338.0,720058210.0,0
2022-09-23,10.36,10.53,10.36,10.41,58644106.0,722703128.0,0
2022-09-26,10.3,10.4,10.15,10.16,90372904.0,1094060839.0,0
2022-09-27,10.16,10.3,10.0,10.29,78962229.0,946732994.0,0
2022-09-28,10.24,10.37,10.09,10.25,78092558.0,946211767.0,0
2022-09-29,10.37,10.4,10.01,10.04,91771804.0,1100405198.0,0
2022-09-30,10.05,10.13,10.02,10.03,53723019.0,638906948.0,0
2022-10-10,9.91,9.97,9.7,9.71,96608018.0,1119089731.0,0
2022-10-11,9.77,9.81,9.66,9.72,41525337.0,476749227.0,0
2022-10-12,9.7,9.84,9.61,9.82,55957243.0,641776509.0,0
2022-10-13,9.75,9.77,9.58,9.6,85261597.0,970021739.0,0
2022-10-14,9.7,9.85,9.65,9.76,109606158.0,1265486550.0,0
2022-10-17,9.67,9.75,9.6,9.72,102482271.0,1171523550.0,0
2022-10-18,9.78,9.86,9.7,9.72,94683709.0,1091646644.0,0
2022-10-19,9.67,9.73,9.55,9.56,92398968.0,1049700767.0,0
2022-10-20,9.51,9.58,9.45,9.48,78192323.0,876967151.0,0
2022-10-21,9.49,9.53,9.37,9.39,78557429.0,876648491.0,0
2022-10-24,9.39,9.4,8.98,8.99,138339065.0,1496043940.0,0
2022-10-25,9.06,9.15,8.98,9.02,131697940.0,1406437766.0,0
2022-10-26,9.01,9.09,8.98,9.03,114382988.0,1220733278.0,0
2022-10-27,9.06,9.12,9.03,9.04,95738346.0,1024868047.0,0
2022-10-28,9.0,9.06,8.81,8.82,105794701.0,1114999302.0,0
2022-10-31,8.75,8.85,8.65,8.76,98309569.0,1016230012.0,0
2022-11-01,8.79,9.04,8.77,9.04,138123413.0,1459758367.0,0
2022-11-02,8.98,9.04,8.87,9.0,130298818.0,1377816220.0,0
2022-11-03,8.92,8.95,8.79,8.84,98353561.0,1028904286.0,0
2022-11-04,8.81,9.19,8.8,9.16,177611223.0,1903720944.0,0
2022-11-07,9.15,9.24,9.09,9.21,98808204.0,1070554833.0,0
2022-11-08,9.22,9.25,9.13,9.19,58322205.0,632835805.0,0
2022-11-09,9.18,9.38,9.16,9.22,83210685.0,911153622.0,0
2022-11-10,9.14,9.23,9.05,9.2,55202119.0,596916589.0,0
2022-11-11,9.42,9.87,9.32,9.68,254507055.0,2878557392.0,0
2022-11-14,9.91,10.4,9.91,10.12,387208410.0,4637823414.0,0
2022-11-15,10.04,10.31,10.02,10.17,157390134.0,1891249648.0,0
2022-11-16,10.14,10.2,9.98,10.01,127869288.0,1519133932.0,0
2022-11-17,10.0,10.03,9.81,9.9,109104716.0,1273790881.0,0
2022-11-18,9.94,9.97,9.8,9.81,86809329.0,1011078680.0,0
2022-11-21,9.72,9.74,9.5,9.7,104773707.0,1189388618.0,0
2022-11-22,9.7,10.1,9.69,10.01,149132388.0,1748727407.0,0
2022-11-23,9.97,10.2,9.92,10.01,124765653.0,1483352652.0,0
2022-11-24,10.09,10.15,9.9,9.97,79671882.0,941002373.0,0
2022-11-25,9.98,10.36,9.97,10.31,176072817.0,2130171605.0,0
2022-11-28,10.08,10.09,9.9,10.0,133156295.0,1568351120.0,0
2022-11-29,10.3,11.0,10.27,11.0,474927650.0,6026006642.0,0
2022-11-30,10.92,11.3,10.86,11.03,320962830.0,4206404173.0,0
2022-12-01,11.33,11.57,11.07,11.09,200268883.0,2658203027.0,0
2022-12-02,11.13,11.14,10.75,10.92,140420278.0,1803658762.0,0
2022-12-05,11.08,11.49,11.02,11.46,228762742.0,3057231973.0,0
2022-12-06,11.3,11.57,11.22,11.37,125257891.0,1680593516.0,0
2022-12-07,11.29,11.32,11.03,11.14,137737690.0,1815667663.0,0
2022-12-08,11.14,11.45,11.11,11.31,106572280.0,1422047905.0,0
2022-12-09,11.35,11.64,11.3,11.6,161583192.0,2197501649.0,0
2022-12-12,11.5,11.5,11.06,11.1,139258428.0,1848277967.0,0
2022-12-13,11.14,11.31,11.13,11.21,90228513.0,1194285343.0,0
2022-12-14,11.2,11.35,11.08,11.2,97406110.0,1287867945.0,0
2022-12-15,11.13,11.25,10.96,11.09,83534926.0,1094434006.0,0
2022-12-16,11.02,11.35,11.02,11.3,92425167.0,1225269166.0,0
2022-12-19,11.29,11.41,10.97,11.04,103086606.0,1355435567.0,0
2022-12-20,10.98,11.08,10.73,10.8,89621223.0,1150630681.0,0
2022-12-21,10.88,11.0,10.79,10.91,61458964.0,791782473.0,0
2022-12-22,11.01,11.14,10.92,10.97,67239430.0,876159828.0,0
2022-12-23,10.88,11.06,10.84,10.99,56442641.0,730705959.0,0
2022-12-26,11.0,11.04,10.76,10.81,79711987.0,1021903963.0,0
2022-12-27,10.9,11.19,10.9,11.1,88600412.0,1160090119.0,0
2022-12-28,11.14,11.33,11.01,11.13,79119198.0,1042402080.0,0
2022-12-29,11.07,11.12,10.88,11.03,66689009.0,865144967.0,0
2022-12-30,11.04,11.25,10.97,11.14,81803598.0,1074756754.0,0
2023-01-03,11.18,11.73,11.05,11.66,219412794.0,2971546989.0,0
2023-01-04,11.61,12.21,11.54,12.13,218968253.0,3110729449.0,0
2023-01-05,12.19,12.48,12.17,12.26,166542518.0,2417272356.0,0
2023-01-06,12.28,12.46,12.26,12.38,119574471.0,1747915169.0,0
2023-01-09,12.49,12.6,12.3,12.53,105765911.0,1561368487.0,0
2023-01-10,12.5,12.61,12.19,12.23,126942339.0,1851093717.0,0
2023-01-11,12.24,12.52,12.19,12.42,83056612.0,1217450812.0,0
2023-01-12,12.51,12.51,12.3,12.42,62569484.0,914367700.0,0
2023-01-13,12.42,12.66,12.32,12.66,94908583.0,1407181074.0,0
2023-01-16,12.66,12.94,12.57,12.77,156003989.0,2356399993.0,0
2023-01-17,12.81,12.85,12.51,12.68,93583454.0,1396151515.0,0
2023-01-18,12.66,12.85,12.63,12.79,71843403.0,1083362998.0,0
2023-01-19,12.81,12.91,12.59,12.78,64187520.0,963744633.0,0
2023-01-20,12.84,12.9,12.7,12.81,60859008.0,920144806.0,0
2023-01-30,13.21,13.33,12.61,12.83,137431750.0,2096867649.0,0
2023-01-31,12.9,13.13,12.67,12.69,103049784.0,1568639326.0,0
2023-02-01,12.73,12.77,12.29,12.45,165342148.0,2426471973.0,0
2023-02-02,12.48,12.52,12.08,12.36,157790039.0,2280744883.0,0
2023-02-03,12.24,12.32,11.99,12.13,124638298.0,1782105891.0,0
2023-02-06,11.94,11.96,11.74,11.85,131761010.0,1838428709.0,0
2023-02-07,11.91,12.13,11.88,12.03,86946046.0,1235297763.0,0
2023-02-08,12.06,12.13,11.88,11.89,65789257.0,928708934.0,0
2023-02-09,11.86,12.11,11.82,11.96,83035002.0,1174361963.0,0
2023-02-10,11.94,11.96,11.74,11.84,84728366.0,1184283386.0,0
2023-02-13,11.8,11.8,11.52,11.7,180005416.0,2473405203.0,0
2023-02-14,11.73,11.84,11.69,11.82,90993709.0,1263892078.0,0
2023-02-15,11.81,11.82,11.53,11.58,125024398.0,1713566673.0,0
2023-02-16,11.58,11.78,11.43,11.52,127912329.0,1757431084.0,0
2023-02-17,11.54,11.62,11.37,11.37,91836369.0,1246777397.0,0
2023-02-20,11.43,11.98,11.42,11.98,211619117.0,2945969773.0,0
2023-02-21,11.91,12.02,11.79,11.94,99049499.0,1393153377.0,0
2023-02-22,11.85,11.96,11.8,11.87,63892239.0,895742534.0,0
2023-02-23,11.85,12.13,11.84,11.9,82449068.0,1165539851.0,0
2023-02-24,11.87,11.88,11.69,11.74,72998904.0,1012652972.0,0
2023-02-27,11.64,11.75,11.58,11.59,62146193.0,854854041.0,0
2023-02-28,11.64,11.73,11.52,11.67,60793592.0,833316018.0,0
2023-03-01,11.69,12.02,11.63,12.0,122345178.0,1719710647.0,0
2023-03-02,11.96,12.23,11.91,12.06,101587684.0,1447565980.0,0
2023-03-03,12.15,12.17,11.97,12.1,69095439.0,985552121.0,0
2023-03-06,12.11,12.11,11.62,11.73,145582414.0,2023954547.0,0
2023-03-07,11.73,11.94,11.56,11.59,127926629.0,1773654737.0,0
2023-03-08,11.54,11.55,11.35,11.46,109689791.0,1479838980.0,0
2023-03-09,11.47,11.5,11.12,11.18,173606476.0,2305765842.0,0
2023-03-10,11.01,11.24,11.01,11.13,85699610.0,1128558360.0,0
2023-03-13,11.11,11.25,11.01,11.05,100063496.0,1309490079.0,0
2023-03-14,11.0,11.01,10.78,10.9,114907558.0,1474124199.0,0
2023-03-15,11.05,11.16,10.96,11.05,97936372.0,1278262225.0,0
2023-03-16,10.91,11.03,10.84,10.86,91679249.0,1182054434.0,0
2023-03-17,11.0,11.04,10.71,10.8,155681414.0,2000832408.0,0
2023-03-20,10.8,10.88,10.63,10.64,118881633.0,1505893659.0,0
2023-03-21,10.71,10.82,10.58,10.75,84074317.0,1060914056.0,0
2023-03-22,10.8,10.91,10.76,10.83,87669077.0,1121080753.0,0
2023-03-23,10.75,10.92,10.69,10.92,80430604.0,1029380497.0,0
2023-03-24,10.88,10.89,10.8,10.86,62151875.0,796319542.0,0
2023-03-27,10.84,10.85,10.55,10.67,100842214.0,1266945056.0,0
2023-03-28,10.72,10.78,10.63,10.7,67386843.0,851797869.0,0
2023-03-29,10.78,10.79,10.58,10.61,59606433.0,750687551.0,0
2023-03-30,10.63,10.76,10.51,10.74,82454624.0,1035422932.0,0
2023-03-31,10.75,10.81,10.59,10.61,86549166.0,1092263437.0,0
2023-04-03,10.63,10.75,10.55,10.73,74042886.0,934285179.0,0
2023-04-04,10.7,10.77,10.66,10.71,64745722.0,817726527.0,0
2023-04-06,10.67,10.68,10.58,10.65,56332130.0,706480660.0,0
2023-04-07,10.64,10.75,10.58,10.69,60792526.0,767354797.0,0
2023-04-10,10.7,10.75,10.65,10.74,64018181.0,809943148.0,0
2023-04-11,10.75,10.77,10.6,10.62,77777962.0,978302908.0,0
2023-04-12,10.65,10.66,10.54,10.57,90995706.0,1136997696.0,0
2023-04-13,10.51,10.73,10.42,10.64,113159146.0,1413919037.0,0
2023-04-14,10.67,10.92,10.65,10.75,129799484.0,1653539531.0,0
2023-04-17,10.72,10.96,10.67,10.95,130421259.0,1669357649.0,0
2023-04-18,10.95,11.18,10.91,11.01,153893615.0,2009934875.0,0
2023-04-19,11.02,11.07,10.86,10.88,101437815.0,1309536002.0,0
2023-04-20,10.92,10.92,10.69,10.8,81178841.0,1033330704.0,0
2023-04-21,10.75,10.86,10.57,10.58,91866839.0,1160509766.0,0
2023-04-24,10.57,10.58,10.19,10.25,146767192.0,1798133967.0,0
2023-04-25,10.28,10.47,10.26,10.4,130190082.0,1595320170.0,0
2023-04-26,10.37,10.37,10.15,10.26,99126040.0,1197555724.0,0
2023-04-27,10.21,10.46,10.16,10.38,100409337.0,1222755932.0,0
2023-04-28,10.38,10.82,10.35,10.63,144525434.0,1816868033.0,0
2023-05-04,10.5,10.86,10.32,10.78,147826438.0,1863146144.0,0
2023-05-05,10.82,11.1,10.8,10.93,176218865.0,2283981032.0,0
2023-05-08,10.96,11.42,10.87,11.28,263071861.0,3478891629.0,0
2023-05-09,11.35,11.52,11.12,11.14,242253445.0,3238716471.0,0
2023-05-10,11.15,11.23,10.84,10.87,123705339.0,1600189994.0,0
2023-05-11,10.97,11.11,10.84,10.88,90375844.0,1166479365.0,0
2023-05-12,10.86,10.9,10.68,10.69,88560368.0,1124579091.0,0
2023-05-15,10.74,10.88,10.54,10.86,92832563.0,1173804243.0,0
2023-05-16,10.84,10.94,10.64,10.69,99830169.0,1267712090.0,0
2023-05-17,10.65,10.7,10.53,10.58,75462120.0,945315193.0,0
2023-05-18,10.64,10.7,10.53,10.58,68718687.0,861347534.0,0
2023-05-19,10.53,10.53,10.43,10.45,68841368.0,851165594.0,0
2023-05-22,10.42,10.54,10.42,10.48,54932785.0,679754868.0,0
2023-05-23,10.48,10.51,10.34,10.34,69436436.0,852871175.0,0
2023-05-24,10.33,10.34,10.17,10.17,82425088.0,996600578.0,0
2023-05-25,10.15,10.16,10.0,10.1,88274430.0,1050002542.0,0
2023-05-26,10.1,10.27,10.03,10.25,51142864.0,613772897.0,0
2023-05-29,10.25,10.27,10.12,10.14,56607382.0,680275578.0,0
2023-05-30,10.14,10.15,9.99,10.05,76399692.0,906316374.0,0
2023-05-31,10.01,10.03,9.81,9.82,117958671.0,1376758357.0,0
2023-06-01,9.82,9.89,9.74,9.81,74302293.0,861646489.0,0
2023-06-02,9.89,10.14,9.86,10.1,122184253.0,1446502669.0,0
2023-06-05,10.06,10.16,10.01,10.09,52184619.0,620531416.0,0
2023-06-06,10.09,10.24,10.01,10.03,83327347.0,997039312.0,0
2023-06-07,10.07,10.22,10.06,10.11,64369784.0,770386878.0,0
2023-06-08,10.13,10.33,10.04,10.26,86939712.0,1048266236.0,0
2023-06-09,10.21,10.24,10.03,10.06,131528476.0,1566929274.0,0
2023-06-12,10.01,10.08,9.96,9.98,75874703.0,896015709.0,0
2023-06-13,9.96,10.03,9.9,9.97,84998805.0,1000183567.0,0
2023-06-14,10.02,10.18,9.94,9.95,106920004.0,1237376776.0,0
2023-06-15,9.97,10.09,9.88,10.07,92530056.0,1064567231.0,0
2023-06-16,10.07,10.13,10.04,10.09,84203365.0,978869317.0,0
2023-06-19,10.09,10.09,9.9,9.94,95399707.0,1096351097.0,0
2023-06-20,9.93,9.94,9.85,9.86,54455079.0,620374308.0,0
2023-06-21,9.86,9.96,9.84,9.85,61658296.0,703681564.0,0
2023-06-26,9.81,9.81,9.68,9.7,67657743.0,757975992.0,0
2023-06-27,9.72,9.82,9.69,9.79,46170178.0,519520687.0,0
2023-06-28,9.79,9.83,9.74,9.81,36539644.0,412039354.0,0
2023-06-29,9.8,9.8,9.69,9.7,48590630.0,544534826.0,0
2023-06-30,9.7,9.81,9.68,9.75,51905258.0,583494655.0,0
2023-07-03,9.75,10.01,9.75,9.97,88509071.0,1009887429.0,0
2023-07-04,9.94,9.97,9.82,9.89,61630056.0,701885270.0,0
2023-07-05,9.86,9.89,9.81,9.84,42348240.0,479726282.0,0
2023-07-06,9.81,9.84,9.73,9.75,59709591.0,672396816.0,0
2023-07-07,9.72,9.78,9.7,9.72,48444083.0,543212456.0,0
2023-07-10,9.76,9.79,9.69,9.72,49588228.0,556581582.0,0
2023-07-11,9.74,9.77,9.71,9.73,57080909.0,640131787.0,0
2023-07-12,9.75,9.86,9.74,9.75,73608367.0,830230821.0,0
2023-07-13,9.82,9.95,9.78,9.92,112422973.0,1281848379.0,0
2023-07-14,9.92,10.02,9.89,9.94,71914699.0,825295738.0,0
2023-07-17,9.9,9.9,9.77,9.81,60834258.0,687262894.0,0
2023-07-18,9.8,9.82,9.74,9.76,47196618.0,531299773.0,0
2023-07-19,9.75,9.82,9.75,9.81,38219596.0,430771279.0,0
2023-07-20,9.83,9.93,9.8,9.82,55406957.0,629696111.0,0
2023-07-21,9.81,9.88,9.79,9.84,37710256.0,427375950.0,0
2023-07-24,9.83,9.83,9.75,9.77,42685218.0,480713396.0,0
2023-07-25,9.94,10.18,9.93,10.17,203295819.0,2358815160.0,0
2023-07-26,10.11,10.19,10.03,10.13,75166268.0,875260135.0,0
2023-07-27,10.14,10.3,10.11,10.2,111519586.0,1314228294.0,0
2023-07-28,10.14,10.67,10.13,10.64,234701346.0,2839828237.0,0
2023-07-31,10.67,10.85,10.61,10.69,185495239.0,2288940411.0,0
2023-08-01,10.64,10.73,10.53,10.55,95773478.0,1169570705.0,0
2023-08-02,10.47,10.62,10.35,10.44,111590004.0,1343864165.0,0
2023-08-03,10.4,10.73,10.37,10.7,117584771.0,1433255493.0,0
2023-08-04,10.78,10.87,10.6,10.67,130313102.0,1611435431.0,0
2023-08-07,10.6,10.63,10.52,10.55,64691326.0,786506452.0,0
2023-08-08,10.52,10.6,10.41,10.5,72570456.0,877489188.0,0
2023-08-09,10.47,10.59,10.46,10.56,57760774.0,702060797.0,0
2023-08-10,10.54,10.6,10.47,10.55,47559453.0,577123920.0,0
2023-08-11,10.56,10.65,10.32,10.32,94353857.0,1132867239.0,0
2023-08-14,10.21,10.22,10.06,10.13,97592018.0,1139185249.0,0
2023-08-15,10.14,10.24,10.07,10.18,71281277.0,834163040.0,0
2023-08-16,10.13,10.28,10.07,10.18,57290437.0,671706045.0,0
2023-08-17,10.13,10.15,9.94,10.04,96505775.0,1116292662.0,0
2023-08-18,10.05,10.19,10.01,10.03,65981885.0,767047287.0,0
2023-08-21,10.03,10.05,9.82,9.82,70149785.0,799641424.0,0
2023-08-22,9.88,9.94,9.81,9.87,60680809.0,689991238.0,0
2023-08-23,9.85,9.91,9.75,9.76,69180998.0,783102827.0,0
2023-08-24,9.8,9.82,9.59,9.66,129127070.0,1439197084.0,0
2023-08-25,9.63,9.83,9.62,9.75,84534992.0,946760251.0,0
2023-08-28,10.27,10.35,9.97,10.0,199760987.0,2336205801.0,0
2023-08-29,9.95,9.97,9.66,9.81,196496143.0,2217588610.0,0
2023-08-30,9.78,9.78,9.66,9.66,137563829.0,1537573551.0,0
2023-08-31,9.67,9.74,9.65,9.66,80647403.0,900123575.0,0
2023-09-01,9.71,9.86,9.71,9.82,113870483.0,1285169019.0,0
2023-09-04,9.85,10.06,9.83,10.03,141002923.0,1621769196.0,0
2023-09-05,9.98,9.99,9.86,9.88,80417716.0,917888859.0,0
2023-09-06,9.83,9.94,9.81,9.92,63484051.0,721905682.0,0
2023-09-07,9.89,9.93,9.82,9.83,54004157.0,613812176.0,0
2023-09-08,9.79,9.82,9.75,9.78,47902967.0,539624963.0,0
2023-09-11,9.81,9.89,9.78,9.84,65448558.0,741764911.0,0
2023-09-12,9.85,9.85,9.76,9.79,49548506.0,559058536.0,0
2023-09-13,9.8,9.82,9.73,9.76,49021797.0,551747628.0,0
2023-09-14,9.79,9.83,9.76,9.8,55165017.0,622906053.0,0
2023-09-15,9.85,9.89,9.72,9.74,89047613.0,1005529161.0,0
2023-09-18,9.74,9.75,9.67,9.75,50132501.0,561449770.0,0
2023-09-19,9.74,9.75,9.68,9.73,50366432.0,564044044.0,0
2023-09-20,9.72,9.74,9.68,9.68,55887241.0,624785495.0,0
2023-09-21,9.67,9.67,9.58,9.59,84393011.0,934673194.0,0
2023-09-22,9.57,9.76,9.57,9.75,91148430.0,1017137922.0,0
2023-09-25,9.75,9.82,9.71,9.74,76121125.0,856022502.0,0
2023-09-26,9.74,9.77,9.67,9.68,44498035.0,497885811.0,0
2023-09-27,9.68,9.74,9.68,9.69,49031061.0,547905821.0,0
2023-09-28,9.71,9.75,9.7,9.72,52069678.0,583649730.0,0
2023-10-09,9.68,9.69,9.6,9.64,69582809.0,772959353.0,0
2023-10-10,9.71,9.72,9.56,9.56,82074851.0,910160342.0,0
2023-10-11,9.62,9.62,9.51,9.53,72411569.0,797663827.0,0
2023-10-12,9.64,9.68,9.58,9.64,85305750.0,947562325.0,0
2023-10-13,9.57,9.61,9.5,9.55,68448308.0,753110726.0,0
2023-10-16,9.55,9.57,9.5,9.55,50162432.0,550988720.0,0
2023-10-17,9.55,9.59,9.51,9.56,49352505.0,543170901.0,0
2023-10-18,9.54,9.56,9.47,9.5,65182492.0,713979896.0,0
2023-10-19,9.47,9.48,9.19,9.2,118896083.0,1271914677.0,0
2023-10-20,9.16,9.26,9.12,9.2,52613912.0,557618632.0,0
2023-10-23,9.19,9.2,9.05,9.11,53040448.0,557032229.0,0
2023-10-24,9.15,9.21,9.06,9.16,76065269.0,801528404.0,0
2023-10-25,9.12,9.15,8.99,9.01,141144968.0,1470971924.0,0
2023-10-26,8.95,9.04,8.94,9.03,59999147.0,621915277.0,0
2023-10-27,9.01,9.09,8.96,9.07,91977136.0,957587534.0,0
2023-10-30,9.02,9.09,8.98,9.07,80568955.0,837646002.0,0
2023-10-31,9.05,9.1,9.03,9.08,65285523.0,682212138.0,0
2023-11-01,9.16,9.16,9.07,9.09,56730035.0,595211885.0,0
2023-11-02,9.11,9.2,9.09,9.09,61942995.0,652316670.0,0
2023-11-03,9.1,9.13,9.05,9.09,70546347.0,738879704.0,0
2023-11-06,9.12,9.28,9.12,9.28,100706221.0,1069206838.0,0
2023-11-07,9.25,9.25,9.18,9.2,64086612.0,679815569.0,0
2023-11-08,9.18,9.2,9.07,9.11,87781875.0,923622008.0,0
2023-11-09,9.08,9.13,9.05,9.1,63913648.0,669639052.0,0
2023-11-10,9.07,9.09,8.93,8.94,104504417.0,1080649734.0,0
2023-11-13,8.95,8.96,8.87,8.89,77004310.0,789007118.0,0
2023-11-14,8.89,8.96,8.88,8.91,59685888.0,613377698.0,0
2023-11-15,9.0,9.07,8.97,9.0,110914015.0,1152154780.0,0
2023-11-16,9.01,9.02,8.88,8.89,92262194.0,948395097.0,0
2023-11-17,8.87,8.89,8.78,8.81,90336217.0,917616681.0,0
2023-11-20,8.81,8.87,8.76,8.84,63952831.0,650077370.0,0
2023-11-21,8.88,8.98,8.87,8.92,104116573.0,1072311504.0,0
2023-11-22,8.9,8.95,8.8,8.82,73748951.0,753064758.0,0
2023-11-23,8.81,8.82,8.74,8.81,84665587.0,855904312.0,0
2023-11-24,8.77,8.79,8.75,8.76,68469456.0,691423444.0,0
2023-11-27,8.76,8.76,8.65,8.69,83618785.0,836268369.0,0
2023-11-28,8.67,8.7,8.63,8.63,78617469.0,784405805.0,0
2023-11-29,8.63,8.65,8.42,8.43,146759662.0,1438320264.0,0
2023-11-30,8.41,8.44,8.35,8.4,90176457.0,871481712.0,0
2023-12-01,8.37,8.4,8.31,8.38,77805699.0,749668364.0,0
2023-12-04,8.39,8.4,8.34,8.36,60543785.0,583664338.0,0
2023-12-05,8.34,8.35,8.22,8.23,78737848.0,750961220.0,0
2023-12-06,8.19,8.3,8.16,8.24,75305592.0,714029469.0,0
2023-12-07,8.24,8.24,8.14,8.19,58538019.0,552224831.0,0
2023-12-08,8.17,8.2,8.07,8.07,102115150.0,957664581.0,0
2023-12-11,8.0,8.14,7.92,8.11,113366281.0,1044765735.0,0
2023-12-12,8.08,8.24,8.07,8.17,85501642.0,805067628.0,0
2023-12-13,8.14,8.15,7.94,7.95,106130165.0,981001231.0,0
2023-12-14,7.99,8.05,7.94,7.94,74290056.0,683211466.0,0
2023-12-15,7.98,8.11,7.97,7.99,98893942.0,915126127.0,0
2023-12-18,7.97,8.02,7.89,7.92,65442562.0,599379044.0,0
2023-12-19,7.91,7.96,7.87,7.9,64407088.0,586716664.0,0
2023-12-20,7.91,7.94,7.84,7.84,71563363.0,650511343.0,0
2023-12-21,7.82,7.97,7.8,7.96,101704676.0,925407073.0,0
2023-12-22,7.97,8.05,7.91,7.98,100564502.0,924998769.0,0
2023-12-25,7.97,7.98,7.93,7.97,41397088.0,379638234.0,0
2023-12-26,7.97,7.98,7.87,7.9,54189633.0,493746623.0,0
2023-12-27,7.9,7.92,7.83,7.91,64153435.0,582036661.0,0
2023-12-28,7.91,8.22,7.88,8.2,166159184.0,1550256591.0,0
2023-12-29,8.17,8.23,8.11,8.15,85385279.0,803196744.0,0
2024-01-02,8.15,8.17,7.99,7.99,115836645.0,1075742252.0,0
2024-01-03,7.97,8.0,7.94,7.98,73361031.0,673673614.0,0
2024-01-04,7.97,7.97,7.88,7.91,86419399.0,787470082.0,0
2024-01-05,7.9,8.19,7.87,8.04,199162216.0,1852659692.0,0
2024-01-08,8.01,8.07,7.91,7.94,112115619.0,1029006549.0,0
2024-01-09,7.95,7.97,7.89,7.97,76619388.0,700375720.0,0
2024-01-10,7.95,7.97,7.89,7.89,85862091.0,783771150.0,0
2024-01-11,7.88,8.0,7.84,7.96,93468637.0,853890237.0,0
2024-01-12,7.92,8.04,7.91,7.97,77258215.0,711018266.0,0
2024-01-15,7.95,8.06,7.92,7.99,74513266.0,685950951.0,0
2024-01-16,7.97,8.11,7.95,8.11,143831258.0,1334465409.0,0
2024-01-17,8.1,8.15,8.01,8.01,148229621.0,1380725065.0,0
2024-01-18,7.99,8.02,7.81,7.98,175513247.0,1597853727.0,0
2024-01-19,7.95,7.98,7.9,7.96,96398142.0,881865024.0,0
2024-01-22,7.95,8.04,7.84,7.9,158031966.0,1449858242.0,0
2024-01-23,7.85,7.97,7.78,7.95,113554458.0,1030898421.0,0
2024-01-24,8.01,8.11,7.87,8.1,175912316.0,1620099272.0,0
2024-01-25,8.1,8.28,8.04,8.24,216251395.0,2037648413.0,0
2024-01-26,8.22,8.39,8.19,8.35,227228706.0,2172799799.0,0
2024-01-29,8.41,8.57,8.31,8.42,237625184.0,2312173346.0,0
2024-01-30,8.34,8.42,8.24,8.24,157912214.0,1515156604.0,0
2024-01-31,8.21,8.3,8.14,8.21,135721747.0,1286857397.0,0
2024-02-01,8.17,8.23,8.11,8.17,105525987.0,993481907.0,0
2024-02-02,8.17,8.22,7.87,8.04,163421431.0,1520605695.0,0
2024-02-05,7.97,8.18,7.91,8.14,180359190.0,1674566499.0,0
2024-02-06,8.07,8.4,8.06,8.4,199540954.0,1900324218.0,0
2024-02-07,8.35,8.39,8.23,8.34,206201497.0,1975435102.0,0
2024-02-08,8.31,8.39,8.26,8.39,165681384.0,1593505690.0,0
2024-02-19,8.47,8.51,8.37,8.51,160524265.0,1564088445.0,0
2024-02-20,8.5,8.54,8.44,8.52,112356398.0,1098987813.0,0
2024-02-21,8.49,9.37,8.48,9.37,505528460.0,5295259397.0,0
2024-02-22,9.24,9.47,9.22,9.46,492232512.0,5307736374.0,0
2024-02-23,9.44,9.75,9.41,9.42,356747950.0,3917316282.0,0
2024-02-26,9.35,9.44,9.11,9.14,286260888.0,3048205025.0,0
2024-02-27,9.1,9.2,9.08,9.11,198190492.0,2083027074.0,0
2024-02-28,9.12,9.29,9.02,9.1,308269265.0,3253340358.0,0
2024-02-29,9.04,9.19,9.03,9.19,184534423.0,1936020983.0,0
2024-03-01,9.19,9.2,9.05,9.1,182810290.0,1917689307.0,0
2024-03-04,9.07,9.11,8.96,8.96,165592954.0,1719562862.0,0
2024-03-05,8.94,9.09,8.9,9.05,181731907.0,1889144330.0,0
2024-03-06,9.02,9.07,8.96,8.96,134564016.0,1396940060.0,0
2024-03-07,8.96,9.23,8.96,9.01,201616589.0,2109589237.0,0
2024-03-08,8.98,9.06,8.94,9.01,111397428.0,1154491251.0,0
2024-03-11,9.01,9.09,8.97,9.09,121067298.0,1260212020.0,0
2024-03-12,9.09,9.19,9.03,9.16,164126237.0,1721999708.0,0
2024-03-13,9.14,9.16,8.94,8.96,176803911.0,1834654994.0,0
2024-03-14,8.94,9.01,8.85,8.88,140939973.0,1448499698.0,0
2024-03-15,9.16,9.33,9.11,9.2,375020789.0,3973799131.0,0
2024-03-18,9.16,9.21,9.1,9.15,167139651.0,1761249150.0,0
2024-03-19,9.14,9.15,9.02,9.02,129321558.0,1351069630.0,0
2024-03-20,9.01,9.09,9.0,9.07,87266316.0,910278573.0,0
2024-03-21,9.07,9.13,9.04,9.09,86446625.0,905422294.0,0
2024-03-22,9.07,9.07,8.95,8.99,102814174.0,1065535606.0,0
2024-03-25,8.98,9.1,8.96,9.02,95320221.0,993304120.0,0
2024-03-26,9.07,9.25,9.04,9.2,174002146.0,1835376191.0,0
2024-03-27,9.16,9.22,9.12,9.14,127413599.0,1347397150.0,0
2024-03-28,9.12,9.17,9.01,9.1,130218892.0,1362980388.0,0
2024-03-29,9.07,9.17,9.05,9.13,87275898.0,917332316.0,0
2024-04-01,9.13,9.24,9.12,9.23,119108796.0,1261770380.0,0
2024-04-02,9.22,9.27,9.14,9.16,108545826.0,1149700800.0,0
2024-04-03,9.14,9.16,9.04,9.08,98184585.0,1028648883.0,0
2024-04-08,9.04,9.1,9.0,9.05,90636052.0,945290441.0,0
2024-04-09,9.05,9.09,8.99,9.02,85715673.0,891468991.0,0
2024-04-10,9.01,9.03,8.91,8.92,124639082.0,1288696196.0,0
2024-04-11,8.89,8.93,8.78,8.89,101021340.0,1030820137.0,0
2024-04-12,8.87,8.91,8.71,8.73,130545371.0,1322011754.0,0
2024-04-15,8.74,8.96,8.73,8.93,145320260.0,1486326196.0,0
2024-04-16,8.92,9.02,8.87,8.92,147803643.0,1523138499.0,0
2024-04-17,8.9,9.22,8.86,9.22,223264057.0,2337576587.0,0
2024-04-18,9.18,9.57,9.16,9.37,316591426.0,3427338982.0,0
2024-04-19,9.29,9.39,9.25,9.28,145767502.0,1562376147.0,0
2024-04-22,9.23,9.38,9.07,9.11,200981837.0,2125722741.0,0
2024-04-23,9.12,9.24,9.08,9.15,124002700.0,1308866093.0,0
2024-04-24,9.13,9.17,9.08,9.14,94156774.0,989093538.0,0
2024-04-25,9.11,9.22,9.09,9.21,111381224.0,1176304525.0,0
2024-04-26,9.19,9.26,9.09,9.2,160762751.0,1698581437.0,0
2024-04-29,9.16,9.46,9.13,9.38,216917737.0,2337350884.0,0
2024-04-30,9.37,9.44,9.31,9.36,132455653.0,1431407709.0,0
2024-05-06,9.51,9.64,9.41,9.45,178410057.0,1953817493.0,0
2024-05-07,9.43,9.45,9.34,9.44,108705665.0,1176786413.0,0
2024-05-08,9.41,9.44,9.29,9.31,122179127.0,1318612000.0,0
2024-05-09,9.29,9.39,9.29,9.34,106946063.0,1150726858.0,0
2024-05-10,9.35,9.51,9.34,9.49,176783561.0,1923452177.0,0
2024-05-13,9.46,9.55,9.38,9.52,140249860.0,1530058920.0,0
2024-05-14,9.55,9.6,9.44,9.47,107578391.0,1176577328.0,0
2024-05-15,9.46,9.48,9.38,9.4,86829660.0,942907951.0,0
2024-05-16,9.42,9.73,9.4,9.69,307629165.0,3410151917.0,0
2024-05-17,9.7,9.91,9.66,9.91,284174885.0,3200736554.0,0
2024-05-20,9.92,10.01,9.81,9.88,217021030.0,2475290152.0,0
2024-05-21,9.82,10.08,9.81,10.02,203004941.0,2336192875.0,0
2024-05-22,10.03,10.19,9.94,10.03,211553138.0,2458448970.0,0
2024-05-23,10.01,10.06,9.87,9.89,184162290.0,2110799282.0,0
2024-05-24,9.87,9.97,9.81,9.81,139827584.0,1593330336.0,0
2024-05-27,9.81,10.01,9.81,9.99,145436143.0,1663272118.0,0
2024-05-28,9.98,10.05,9.86,9.89,120432285.0,1377107204.0,0
2024-05-29,9.88,9.94,9.75,9.77,144481111.0,1635445613.0,0
2024-05-30,9.75,9.84,9.6,9.65,132549635.0,1481608711.0,0
2024-05-31,9.67,9.71,9.64,9.64,82670676.0,921248146.0,0
2024-06-03,9.65,9.66,9.47,9.53,132669675.0,1456086024.0,0
2024-06-04,9.5,9.59,9.47,9.56,98100495.0,1079356561.0,0
2024-06-05,9.58,9.61,9.43,9.43,101896775.0,1114155999.0,0
2024-06-06,9.46,9.53,9.44,9.46,104933153.0,1145989426.0,0
2024-06-07,9.48,9.55,9.45,9.54,117012604.0,1281662986.0,0
2024-06-11,9.53,9.56,9.36,9.43,133762854.0,1452841957.0,0
2024-06-12,9.42,9.47,9.35,9.44,95742635.0,1037927497.0,0
2024-06-13,9.45,9.48,9.37,9.37,120350779.0,1304403407.0,0
2024-06-14,9.44,9.51,9.29,9.46,163799047.0,1657433955.0,0
2024-06-17,9.42,9.45,9.37,9.39,68121702.0,688669914.0,0
2024-06-18,9.4,9.45,9.33,9.37,70065308.0,707829472.0,0
2024-06-19,9.39,9.49,9.37,9.44,79618418.0,807676192.0,0
2024-06-20,9.45,9.45,9.34,9.34,62962757.0,635070262.0,0
2024-06-21,9.34,9.38,9.25,9.3,83054528.0,831176895.0,0
2024-06-24,9.27,9.36,9.19,9.28,94708154.0,944907466.0,0
2024-06-25,9.29,9.42,9.28,9.37,76999281.0,775332072.0,0
2024-06-26,9.35,9.42,9.32,9.37,62859871.0,633763882.0,0
2024-06-27,9.35,9.49,9.3,9.42,92888197.0,938954398.0,0
2024-06-28,9.39,9.54,9.38,9.44,91808992.0,933947813.0,0
2024-07-01,9.38,9.62,9.33,9.62,134305149.0,1372549620.0,0
2024-07-02,9.58,9.74,9.56,9.67,138438570.0,1440864391.0,0
2024-07-03,9.67,9.7,9.57,9.58,71306746.0,737326421.0,0
2024-07-04,9.58,9.65,9.53,9.54,73504424.0,757464387.0,0
2024-07-05,9.54,9.57,9.22,9.27,171335386.0,1721256576.0,0
2024-07-08,9.24,9.32,9.16,9.23,86865962.0,864791776.0,0
2024-07-09,9.24,9.39,9.21,9.36,103248530.0,1034316511.0,0
2024-07-10,9.36,9.48,9.34,9.43,87386511.0,886626727.0,0
2024-07-11,9.49,9.51,9.36,9.42,72139225.0,731789332.0,0
2024-07-12,9.41,9.58,9.41,9.58,121416369.0,1246877666.0,0
2024-07-15,9.58,9.62,9.54,9.6,86941247.0,896975833.0,0
2024-07-16,9.6,9.64,9.52,9.58,94300811.0,971564895.0,0
2024-07-17,9.58,9.69,9.56,9.67,122016835.0,1266412580.0,0
2024-07-18,9.65,9.7,9.58,9.68,108706102.0,1127365071.0,0
2024-07-19,9.65,9.69,9.57,9.64,89872324.0,929722662.0,0
2024-07-22,9.63,9.65,9.47,9.51,99448087.0,1018663806.0,0
2024-07-23,9.53,9.6,9.45,9.46,102015363.0,1046994471.0,0
2024-07-24,9.46,9.52,9.41,9.42,72451757.0,736332832.0,0
2024-07-25,9.41,9.44,9.3,9.38,85640443.0,861750366.0,0
2024-07-26,9.39,9.41,9.27,9.32,92955195.0,931879546.0,0
2024-07-29,9.32,9.43,9.27,9.4,78155243.0,788019059.0,0
2024-07-30,9.39,9.42,9.32,9.37,61326795.0,618056610.0,0
2024-07-31,9.37,9.56,9.36,9.55,109690634.0,1117768675.0,0
2024-08-01,9.53,9.59,9.45,9.55,73388377.0,752688220.0,0
2024-08-02,9.5,9.53,9.42,9.43,59022876.0,601173371.0,0
2024-08-05,9.4,9.5,9.34,9.34,75897852.0,768980625.0,0
2024-08-06,9.36,9.41,9.19,9.23,126553691.0,1261997757.0,0
2024-08-07,9.25,9.28,9.21,9.23,51760842.0,514848813.0,0
2024-08-08,9.22,9.28,9.2,9.24,50041067.0,497548149.0,0
2024-08-09,9.26,9.39,9.24,9.33,73027396.0,732886456.0,0
2024-08-12,9.32,9.34,9.28,9.31,35301346.0,353251351.0,0
2024-08-13,9.32,9.32,9.22,9.25,62207720.0,620061492.0,0
2024-08-14,9.24,9.28,9.21,9.22,43638038.0,433380447.0,0
2024-08-15,9.22,9.35,9.18,9.32,77624747.0,775851461.0,0
2024-08-16,9.37,9.49,9.34,9.42,126036761.0,1277042001.0,0
2024-08-19,9.42,9.58,9.41,9.57,148298526.0,1520594688.0,0
2024-08-20,9.59,9.7,9.56,9.61,156918665.0,1623147686.0,0
2024-08-21,9.58,9.65,9.49,9.62,103488781.0,1068207868.0,0
2024-08-22,9.61,9.72,9.59,9.65,110903039.0,1153871816.0,0
2024-08-23,9.66,9.76,9.59,9.73,107190571.0,1117475768.0,0
2024-08-26,9.76,9.81,9.69,9.75,74067524.0,775921849.0,0
2024-08-27,9.73,9.78,9.64,9.7,72313658.0,755583764.0,0
2024-08-28,9.68,9.7,9.56,9.6,94254754.0,973872155.0,0
2024-08-29,9.58,9.65,9.4,9.42,119767631.0,1221351092.0,0
2024-08-30,9.4,9.54,9.4,9.45,129405908.0,1318858688.0,0
2024-09-02,9.41,9.49,9.38,9.4,96883550.0,983898751.0,0
2024-09-03,9.4,9.42,9.3,9.37,91658122.0,920884663.0,0
2024-09-04,9.34,9.44,9.3,9.32,84799233.0,852224670.0,0
2024-09-05,9.32,9.37,9.28,9.36,59420876.0,595845843.0,0
2024-09-06,9.35,9.49,9.34,9.37,87886543.0,891507834.0,0
2024-09-09,9.34,9.36,9.15,9.16,163917451.0,1624857668.0,0
2024-09-10,9.17,9.22,9.09,9.2,76790114.0,756124764.0,0
2024-09-11,9.19,9.19,8.95,8.97,110872704.0,1078602468.0,0
2024-09-12,8.97,9.08,8.93,9.06,58183405.0,564923216.0,0
2024-09-13,9.05,9.13,9.02,9.02,56646190.0,553269704.0,0
2024-09-18,9.04,9.09,8.98,9.08,44361099.0,431665627.0,0
2024-09-19,9.1,9.15,9.0,9.12,68429311.0,669341182.0,0
2024-09-20,9.12,9.2,9.09,9.2,79729714.0,785121199.0,0
2024-09-23,9.19,9.38,9.18,9.33,89690755.0,897428030.0,0
2024-09-24,9.4,9.64,9.37,9.64,163821319.0,1678174482.0,0
2024-09-25,9.78,9.95,9.72,9.76,216069398.0,2285995369.0,0
2024-09-26,9.76,10.37,9.76,10.37,308645720.0,3341759456.0,0
2024-09-27,10.55,10.75,10.25,10.62,384001637.0,4337985143.0,0
2024-09-30,10.8,11.44,10.75,11.35,543028364.0,6467438838.0,0
2024-10-08,12.49,12.49,11.47,11.97,588897778.0,7602664024.0,0
2024-10-09,11.74,11.74,10.84,10.86,426934506.0,5172049702.0,0
2024-10-10,11.04,11.64,11.02,11.38,342642168.0,4095573501.0,0
2024-10-11,11.4,11.56,11.0,11.13,207089057.0,2455848197.0,0
2024-10-14,11.38,11.57,11.2,11.42,240059509.0,2881934272.0,0
2024-10-15,11.34,11.61,11.28,11.3,207284077.0,2500974427.0,0
2024-10-16,11.21,11.57,11.18,11.45,191449353.0,2301340929.0,0
2024-10-17,11.46,11.61,11.33,11.35,165370809.0,1993261646.0,0
2024-10-18,11.31,11.57,11.09,11.43,260465416.0,3105820973.0,0
2024-10-21,11.34,11.34,11.04,11.22,280665467.0,3302020181.0,0
2024-10-22,11.17,11.33,11.13,11.2,161778713.0,1908438725.0,0
2024-10-23,11.23,11.29,11.16,11.26,151186604.0,1787236762.0,0
2024-10-24,11.22,11.26,11.13,11.16,88529942.0,1042818619.0,0
2024-10-25,11.18,11.19,11.1,11.12,110575468.0,1296844369.0,0
2024-10-28,11.09,11.09,10.95,11.05,116948698.0,1356008963.0,0
2024-10-29,11.04,11.15,10.95,10.96,119802482.0,1391150259.0,0
2024-10-30,10.92,11.0,10.7,10.75,148240279.0,1686501658.0,0
2024-10-31,10.76,10.86,10.67,10.81,125020539.0,1419624319.0,0
2024-11-01,10.81,10.97,10.77,10.85,158981111.0,1821423447.0,0
2024-11-04,10.85,10.88,10.69,10.88,113151611.0,1285874126.0,0
2024-11-05,10.85,11.07,10.82,11.06,166541840.0,1925260700.0,0
2024-11-06,11.04,11.05,10.89,10.97,146228636.0,1689977501.0,0
2024-11-07,10.92,11.33,10.9,11.31,224284379.0,2627007561.0,0
2024-11-08,11.34,11.41,11.11,11.13,189510415.0,2239060534.0,0
2024-11-11,11.04,11.09,10.89,11.02,148695164.0,1717961562.0,0
2024-11-12,11.0,11.24,10.93,10.96,171766255.0,2005791408.0,0
2024-11-13,10.92,11.11,10.9,11.03,108626328.0,1260161857.0,0
2024-11-14,11.01,11.11,10.95,10.96,115978311.0,1348378229.0,0
2024-11-15,10.92,11.03,10.85,10.86,121578351.0,1399308729.0,0
2024-11-18,11.04,11.43,11.04,11.16,379732445.0,4493249093.0,0
2024-11-19,11.16,11.36,10.97,11.09,243003665.0,2849661696.0,0
2024-11-20,11.08,11.16,11.03,11.05,128657248.0,1498818034.0,0
2024-11-21,11.04,11.06,10.98,11.01,88340806.0,1023998432.0,0
2024-11-22,11.01,11.03,10.71,10.71,162531744.0,1858071592.0,0
2024-11-25,10.71,10.77,10.58,10.62,116602032.0,1310130629.0,0
2024-11-26,10.62,10.74,10.58,10.7,83107820.0,933733855.0,0
2024-11-27,10.67,10.82,10.59,10.82,89517805.0,1010001964.0,0
2024-11-28,10.82,10.85,10.75,10.77,73316854.0,833121339.0,0
2024-11-29,10.8,10.88,10.77,10.81,102848758.0,1173316154.0,0
2024-12-02,10.82,10.83,10.74,10.82,97543366.0,1108785597.0,0
2024-12-03,10.8,10.92,10.78,10.91,108255936.0,1236992678.0,0
2024-12-04,10.86,10.95,10.8,10.88,100747059.0,1154623370.0,0
2024-12-05,10.86,10.92,10.84,10.86,68710883.0,786137964.0,0
2024-12-06,10.86,11.11,10.85,11.07,172626927.0,2004270466.0,0
2024-12-09,11.04,11.13,11.01,11.08,96406316.0,1123441855.0,0
2024-12-10,11.3,11.35,11.16,11.2,216780724.0,2564600677.0,0
2024-12-11,11.2,11.23,11.13,11.14,96769145.0,1138374175.0,0
2024-12-12,11.14,11.27,11.12,11.25,98623459.0,1164062448.0,0
2024-12-13,11.2,11.21,10.98,10.98,134379289.0,1565589089.0,0
2024-12-16,10.98,11.07,10.95,10.99,80571778.0,934226189.0,0
2024-12-17,10.99,11.06,10.94,10.95,80211995.0,929225455.0,0
2024-12-18,11.0,11.15,10.99,11.06,101658966.0,1186285805.0,0
2024-12-19,11.01,11.05,10.96,11.01,69737904.0,808465664.0,0
2024-12-20,11.01,11.11,11.0,11.04,71464627.0,831437460.0,0
2024-12-23,11.05,11.24,11.05,11.14,165940476.0,1953519499.0,0
2024-12-24,11.13,11.27,11.13,11.26,135083691.0,1595698790.0,0
2024-12-25,11.26,11.42,11.24,11.32,147528294.0,1759956630.0,0
2024-12-26,11.32,11.33,11.19,11.26,100007470.0,1183745519.0,0
2024-12-27,11.27,11.3,11.07,11.23,129001228.0,1518383345.0,0
2024-12-30,11.19,11.37,11.19,11.35,135184636.0,1610892096.0,0
2024-12-31,11.33,11.39,11.11,11.11,147536733.0,1747242074.0,0
2025-01-02,11.14,11.18,10.82,10.85,181959699.0,2102923078.0,0
2025-01-03,10.86,10.96,10.79,10.81,115468044.0,1320520978.0,0
2025-01-06,10.81,10.9,10.66,10.86,108553630.0,1234305778.0,0
2025-01-07,10.85,10.95,10.8,10.93,74786288.0,858329049.0,0
2025-01-08,10.92,11.04,10.83,10.92,106238601.0,1223598997.0,0
2025-01-09,10.92,10.92,10.78,10.83,75148330.0,857836086.0,0
2025-01-10,10.83,10.88,10.71,10.73,79813351.0,905005041.0,0
2025-01-13,10.68,10.69,10.52,10.64,93496618.0,1044904416.0,0
2025-01-14,10.64,10.83,10.63,10.81,82462895.0,934467766.0,0
2025-01-15,10.81,11.0,10.79,10.9,103163082.0,1185403653.0,0
2025-01-16,10.97,11.01,10.89,10.99,87296399.0,1007689274.0,0
2025-01-17,10.95,10.97,10.85,10.87,68976486.0,791230419.0,0
2025-01-20,10.92,10.94,10.83,10.85,83202913.0,953092179.0,0
2025-01-21,10.87,10.87,10.75,10.76,90206894.0,1024879174.0,0
2025-01-22,10.75,10.76,10.52,10.53,134712922.0,1504818607.0,0
2025-01-23,10.61,10.83,10.61,10.75,151492027.0,1715172472.0,0
2025-01-24,10.75,10.82,10.66,10.77,94494421.0,1069899088.0,0
2025-01-27,10.81,10.97,10.81,10.89,115193471.0,1324270607.0,0
2025-02-05,10.92,10.94,10.76,10.8,84343370.0,961193579.0,0
2025-02-06,10.78,10.87,10.73,10.79,95560325.0,1084793176.0,0
2025-02-07,10.79,10.87,10.74,10.81,140749262.0,1601621980.0,0
2025-02-10,10.81,10.92,10.79,10.85,102659093.0,1174044624.0,0
2025-02-11,10.83,10.89,10.8,10.85,84452003.0,963865615.0,0
2025-02-12,10.84,10.85,10.77,10.85,98880683.0,1125323633.0,0
2025-02-13,10.85,10.97,10.83,10.92,135863927.0,1560709511.0,0
2025-02-14,10.91,10.97,10.85,10.97,97305774.0,1118355997.0,0
2025-02-17,11.02,11.21,10.97,11.19,206196542.0,2413146067.0,0
2025-02-18,11.17,11.36,11.17,11.22,199661049.0,2371071467.0,0
2025-02-19,11.21,11.22,11.09,11.12,117774895.0,1382467174.0,0
2025-02-20,11.12,11.17,11.06,11.07,78439627.0,917231443.0,0
2025-02-21,11.1,11.12,10.97,11.05,97396897.0,1131033824.0,0
2025-02-24,11.04,11.1,10.98,11.01,94995617.0,1103548964.0,0
2025-02-25,10.98,11.0,10.88,10.89,91715602.0,1055685157.0,0
2025-02-26,10.89,11.02,10.89,10.94,84164552.0,970641211.0,0
2025-02-27,10.95,11.04,10.88,11.04,97730975.0,1130386662.0,0
2025-02-28,11.0,11.09,10.92,10.95,94908806.0,1100335054.0,0
2025-03-03,10.94,10.98,10.87,10.93,83045695.0,955266366.0,0
2025-03-04,10.89,10.97,10.86,10.93,68317873.0,785447989.0,0
2025-03-05,10.94,11.08,10.9,11.07,108064544.0,1254892074.0,0
2025-03-06,11.1,11.11,11.02,11.04,87740771.0,1021780609.0,0
2025-03-07,11.04,11.1,11.02,11.08,83553669.0,973236690.0,0
2025-03-10,11.07,11.08,10.97,11.01,66383393.0,769261385.0,0
2025-03-11,10.96,11.03,10.94,11.03,60897527.0,704240464.0,0
2025-03-12,11.02,11.27,10.98,11.25,187731840.0,2210904482.0,0
2025-03-13,11.22,11.31,11.19,11.24,131237121.0,1555123174.0,0
2025-03-14,11.23,11.4,11.23,11.37,172241765.0,2057970454.0,0
2025-03-17,11.04,11.08,10.88,10.92,460361210.0,5315522817.0,0
2025-03-18,10.94,10.96,10.9,10.91,160529000.0,1846500421.0,0
2025-03-19,10.9,10.95,10.88,10.94,136245491.0,1566452161.0,0
2025-03-20,10.93,11.03,10.91,10.91,110115724.0,1268849140.0,0
2025-03-21,10.91,10.94,10.82,10.85,137638897.0,1576151833.0,0
2025-03-24,10.84,10.86,10.77,10.81,116457734.0,1325564002.0,0
2025-03-25,10.81,10.85,10.79,10.85,73560888.0,839142044.0,0
2025-03-26,10.85,10.85,10.8,10.81,74086307.0,843536936.0,0
2025-03-27,10.8,10.84,10.78,10.82,55334940.0,629863383.0,0
2025-03-28,10.82,10.83,10.77,10.78,64494555.0,732420874.0,0
2025-03-31,10.79,10.81,10.69,10.69,111612564.0,1262598263.0,0
2025-04-01,10.7,10.73,10.66,10.7,68147042.0,767424131.0,0
2025-04-02,10.68,10.84,10.68,10.8,93264176.0,1058747241.0,0
2025-04-03,10.74,10.82,10.73,10.77,64391391.0,730375808.0,0
2025-04-07,10.45,10.49,9.95,10.16,254556048.0,2751055412.0,0
2025-04-08,10.14,10.3,10.12,10.28,146398771.0,1576590040.0,0
2025-04-09,10.19,10.29,10.12,10.26,106439405.0,1145238958.0,0
2025-04-10,10.31,10.38,10.28,10.35,86654805.0,943352302.0,0
2025-04-11,10.32,10.35,10.29,10.34,58387902.0,634311780.0,0
2025-04-14,10.4,10.48,10.37,10.38,78599345.0,862557144.0,0
2025-04-15,10.37,10.42,10.35,10.4,72275410.0,790139077.0,0
2025-04-16,10.38,10.46,10.36,10.45,84282217.0,923316063.0,0
2025-04-17,10.4,10.52,10.38,10.5,82391931.0,907597513.0,0
2025-04-18,10.48,10.63,10.47,10.62,72709815.0,810031605.0,0
2025-04-21,10.45,10.57,10.42,10.47,111418418.0,1230804536.0,0
2025-04-22,10.47,10.5,10.43,10.48,83112887.0,915967678.0,0
2025-04-23,10.48,10.49,10.42,10.46,58638293.0,645842400.0,0
2025-04-24,10.45,10.5,10.44,10.47,68925613.0,760348555.0,0
2025-04-25,10.48,10.49,10.44,10.46,63754686.0,702315255.0,0
2025-04-28,10.45,10.48,10.41,10.45,64201837.0,706520176.0,0
2025-04-29,10.45,10.47,10.4,10.43,64904494.0,712792543.0,0
2025-04-30,10.41,10.42,10.34,10.36,86983492.0,949911030.0,0
2025-05-06,10.37,10.45,10.34,10.41,85467127.0,935212114.0,0
2025-05-07,10.46,10.48,10.42,10.47,112627001.0,1240098147.0,0
2025-05-08,10.45,10.52,10.44,10.52,105661366.0,1167913498.0,0
2025-05-09,10.51,10.61,10.5,10.59,99989747.0,1113688153.0,0
2025-05-12,10.6,10.66,10.57,10.6,89560460.0,1000478411.0,0
2025-05-13,10.63,10.76,10.59,10.72,126103062.0,1420501315.0,0
2025-05-14,10.72,10.89,10.68,10.85,168351358.0,1912995433.0,0
2025-05-15,10.85,10.92,10.81,10.82,103546026.0,1183732832.0,0
2025-05-16,10.8,10.85,10.74,10.81,91474445.0,1039223623.0,0
2025-05-19,10.83,10.89,10.79,10.8,83139060.0,949883545.0,0
2025-05-20,10.83,10.89,10.8,10.82,64363480.0,734455266.0,0
2025-05-21,10.83,11.01,10.82,10.9,132827810.0,1528350368.0,0
2025-05-22,10.87,10.98,10.86,10.97,100296806.0,1155265064.0,0
2025-05-23,10.97,11.02,10.85,10.88,96264311.0,1108636101.0,0
2025-05-26,10.86,10.92,10.83,10.85,69915858.0,800495685.0,0
2025-05-27,10.87,10.96,10.85,10.91,80191514.0,921912281.0,0
2025-05-28,10.92,10.97,10.86,10.95,65817947.0,757571319.0,0
2025-05-29,10.94,10.97,10.87,10.88,91980676.0,1056726384.0,0
2025-05-30,10.89,11.0,10.86,10.98,113084931.0,1303433716.0,0
2025-06-03,10.96,11.31,10.95,11.22,219247966.0,2580962601.0,0
2025-06-04,11.23,11.28,11.19,11.24,116795950.0,1383019682.0,0
2025-06-05,11.28,11.31,11.07,11.08,116680349.0,1369212336.0,0
2025-06-06,11.11,11.2,11.09,11.11,68235251.0,799900024.0,0
2025-06-09,11.14,11.16,11.06,11.12,77325468.0,905092605.0,0
2025-06-10,11.13,11.29,11.12,11.22,142813180.0,1689018780.0,0
2025-06-11,11.23,11.33,11.2,11.25,109466664.0,1298656315.0,0
2025-06-12,11.32,11.46,11.29,11.44,129022047.0,1500287176.0,0
2025-06-13,11.44,11.5,11.32,11.34,109549419.0,1272773101.0,0
2025-06-16,11.33,11.55,11.29,11.55,117443827.0,1371041708.0,0
2025-06-17,11.55,11.64,11.47,11.52,89002734.0,1048960749.0,0
2025-06-18,11.54,11.57,11.42,11.53,68352111.0,802908098.0,0
2025-06-19,11.52,11.54,11.41,11.46,83224716.0,974127331.0,0
2025-06-20,11.46,11.62,11.43,11.6,130919782.0,1544541881.0,0
2025-06-23,11.57,11.73,11.43,11.69,138917048.0,1646476917.0,0
2025-06-24,11.66,11.77,11.6,11.69,130852531.0,1560621893.0,0
2025-06-25,11.69,11.83,11.59,11.81,167511647.0,2007989727.0,0
2025-06-26,11.8,12.23,11.77,12.16,217457766.0,2672207529.0,0
2025-06-27,12.12,12.32,11.88,11.95,237760015.0,2937865058.0,0
2025-06-30,11.89,11.92,11.72,11.82,150481965.0,1812492377.0,0
2025-07-01,11.81,12.08,11.81,12.05,135434108.0,1653806750.0,0
2025-07-02,12.06,12.16,11.98,12.07,120041184.0,1481842213.0,0
2025-07-03,12.08,12.17,12.03,12.1,79408597.0,980546007.0,0
2025-07-04,12.1,12.46,12.05,12.34,177533267.0,2224874056.0,0
2025-07-07,12.34,12.56,12.34,12.52,149540653.0,1901755851.0,0
2025-07-08,12.49,12.58,12.39,12.43,109098597.0,1387093602.0,0
2025-07-09,12.4,12.64,12.4,12.58,120596330.0,1542699035.0,0
2025-07-10,12.56,13.06,12.53,12.91,248141553.0,3249454029.0,0
2025-07-11,12.92,13.03,12.63,12.65,244374350.0,3200219566.0,0
2025-07-14,12.61,12.9,12.6,12.72,187289585.0,2440924105.0,0
2025-07-15,12.73,12.77,12.45,12.47,181053131.0,2322277285.0,0
2025-07-16,12.47,12.5,12.25,12.38,192786379.0,2424983973.0,0
2025-07-17,12.35,12.44,12.28,12.33,94464140.0,1189666227.0,0
2025-07-18,12.36,12.49,12.34,12.44,124120611.0,1574176824.0,0
2025-07-21,12.38,12.45,12.29,12.35,107902662.0,1360155719.0,0
2025-07-22,12.34,12.34,12.07,12.24,193522916.0,2408337286.0,0
2025-07-23,12.21,12.37,12.2,12.27,137052000.0,1719158803.0,0
2025-07-24,12.27,12.27,12.08,12.1,195935057.0,2426175236.0,0
2025-07-25,12.08,12.21,12.07,12.1,110826666.0,1372103731.0,0
2025-07-28,12.1,12.27,12.07,12.21,123824278.0,1541317047.0,0
2025-07-29,12.21,12.25,12.09,12.09,101281801.0,1255113972.0,0
2025-07-30,12.1,12.38,12.09,12.24,171516360.0,2149934405.0,0
2025-07-31,12.25,12.29,11.97,11.98,169008125.0,2079630602.0,0
2025-08-01,11.99,12.08,11.9,12.03,101218698.0,1240239180.0,0
2025-08-04,11.99,12.13,11.96,12.05,103268969.0,1271376407.0,0
2025-08-05,12.05,12.25,12.03,12.22,113207820.0,1405152349.0,0
2025-08-06,12.22,12.26,12.15,12.21,69044765.0,859684675.0,0
2025-08-07,12.19,12.27,12.14,12.22,72205305.0,900760013.0,0
2025-08-08,12.23,12.27,12.14,12.15,82979591.0,1032586759.0,0
2025-08-11,12.15,12.17,12.02,12.05,93435315.0,1150305113.0,0
2025-08-12,12.05,12.15,12.05,12.08,68005619.0,839635630.0,0
2025-08-13,12.12,12.15,11.98,12.01,111981305.0,1376777909.0,0
2025-08-14,12.02,12.09,11.94,11.95,124104129.0,1523447932.0,0
2025-08-15,11.98,11.98,11.7,11.83,194850295.0,2344073499.0,0
2025-08-18,11.81,11.9,11.78,11.83,123905837.0,1496527039.0,0
2025-08-19,11.85,11.87,11.77,11.81,89285989.0,1077380173.0,0
2025-08-20,11.81,11.87,11.74,11.82,104873853.0,1265435773.0,0
2025-08-21,11.8,11.94,11.78,11.9,121741825.0,1477053292.0,0
2025-08-22,11.9,11.92,11.74,11.81,164425977.0,1979461311.0,0
2025-08-25,11.87,12.27,11.85,12.2,304508753.0,3761289076.0,0
2025-08-26,12.2,12.25,12.05,12.11,138359861.0,1709560923.0,0
2025-08-27,12.07,12.11,11.8,11.81,186004950.0,2268070721.0,0
2025-08-28,11.84,11.89,11.73,11.83,165358793.0,1991723374.0,0
2025-08-29,11.8,11.97,11.78,11.8,180512568.0,2186232853.0,0
2025-09-01,11.8,11.8,11.61,11.65,185845902.0,2214306332.0,0
2025-09-02,11.61,11.75,11.6,11.74,149271566.0,1780010209.0,0
2025-09-03,11.74,11.77,11.5,11.51,136723249.0,1619322977.0,0
2025-09-04,11.52,11.53,11.36,11.5,129530002.0,1513956779.0,0
2025-09-05,11.49,11.5,11.39,11.48,81966156.0,957547463.0,0
2025-09-08,11.47,11.54,11.43,11.46,92443104.0,1083054608.0,0
2025-09-09,11.47,11.54,11.44,11.51,86053917.0,1009279729.0,0
2025-09-10,11.5,11.55,11.47,11.53,79266839.0,932170201.0,0
2025-09-11,11.53,11.61,11.47,11.61,96393163.0,1134234367.0,0
2025-09-12,11.59,11.64,11.46,11.48,94038510.0,1107449057.0,0
2025-09-15,11.46,11.48,11.39,11.41,84038656.0,980347617.0,0
2025-09-16,11.42,11.47,11.37,11.4,70804849.0,825169464.0,0
2025-09-17,11.4,11.43,11.34,11.4,77112893.0,896750270.0,0
2025-09-18,11.41,11.42,11.15,11.18,138616040.0,1594827200.0,0
2025-09-19,11.18,11.28,11.14,11.22,83465123.0,955004097.0,0
2025-09-22,11.21,11.24,11.14,11.15,59640232.0,680158439.0,0
2025-09-23,11.14,11.34,11.09,11.29,134143022.0,1543271185.0,0
2025-09-24,11.28,11.38,11.2,11.23,113958347.0,1310214181.0,0
2025-09-25,11.2,11.24,11.13,11.17,77327594.0,881943148.0,0
2025-09-26,11.16,11.21,11.09,11.17,75323875.0,856917688.0,0
2025-09-29,11.17,11.25,11.04,11.14,117601243.0,1334456974.0,0
2025-09-30,11.14,11.14,11.06,11.11,83247947.0,942224081.0,0
2025-10-09,11.1,11.18,11.04,11.17,104746906.0,1187061683.0,0
2025-10-10,11.14,11.26,11.13,11.2,108794775.0,1244213513.0,0
2025-10-13,11.09,11.23,11.05,11.17,116880173.0,1328180364.0,0
2025-10-14,11.16,11.36,11.13,11.33,184342836.0,2124120304.0,0
2025-10-15,11.34,11.42,11.26,11.4,127106103.0,1443458105.0,0
2025-10-16,11.38,11.55,11.36,11.54,126193687.0,1447841585.0,0
2025-10-17,11.5,11.58,11.38,11.4,103966632.0,1193518555.0,0
2025-10-20,11.41,11.45,11.27,11.42,95264110.0,1081829700.0,0
2025-10-21,11.4,11.47,11.39,11.43,76116462.0,869658080.0,0
2025-10-22,11.4,11.54,11.4,11.52,83370319.0,957661636.0,0
2025-10-23,11.52,11.71,11.5,11.63,137311158.0,1593155218.0,0
2025-10-24,11.6,11.68,11.55,11.56,98047530.0,1138026681.0,0
2025-10-27,11.54,11.61,11.44,11.52,123948526.0,1428199707.0,0
2025-10-28,11.53,11.58,11.42,11.47,82156818.0,943626835.0,0
2025-10-29,11.46,11.46,11.36,11.39,96621364.0,1100783363.0,0
2025-10-30,11.38,11.47,11.36,11.38,94377015.0,1077182643.0,0
2025-10-31,11.38,11.4,11.3,11.32,97019293.0,1099179193.0,0
2025-11-03,11.34,11.44,11.3,11.43,95232643.0,1084422504.0,0
2025-11-04,11.42,11.64,11.4,11.59,150300748.0,1737289514.0,0
2025-11-05,11.59,11.6,11.5,11.52,79492605.0,918112474.0,0
2025-11-06,11.5,11.58,11.47,11.51,76658546.0,882799462.0,0
2025-11-07,11.52,11.58,11.5,11.55,73485055.0,848177984.0,0
2025-11-10,11.52,11.64,11.45,11.63,82720833.0,957555601.0,0
2025-11-11,11.62,11.69,11.57,11.67,88650887.0,1033284776.0,0
2025-11-12,11.7,11.79,11.65,11.68,114132538.0,1337963805.0,0
2025-11-13,11.68,11.72,11.57,11.7,97899103.0,1139765204.0,0
2025-11-14,11.67,11.84,11.66,11.75,131699498.0,1551867288.0,0
2025-11-17,11.75,11.75,11.62,11.67,99523287.0,1161416222.0,0
2025-11-18,11.65,11.69,11.57,11.59,67007735.0,778887578.0,0
2025-11-19,11.58,11.83,11.57,11.8,133499619.0,1565428547.0,0
2025-11-20,11.79,11.99,11.74,11.85,163703985.0,1948415940.0,0
2025-11-21,11.8,11.88,11.66,11.69,146535888.0,1721871193.0,0
2025-11-24,11.7,11.73,11.6,11.6,111711880.0,1302444630.0,0
2025-11-25,11.61,11.8,11.58,11.8,102808052.0,1203879797.0,0
2025-11-26,11.81,11.85,11.65,11.69,82130109.0,962935430.0,0
2025-11-27,11.66,11.71,11.58,11.71,101184710.0,1178308953.0,0
2025-11-28,11.67,11.68,11.58,11.61,88435845.0,1027933464.0,0
2025-12-01,11.6,11.7,11.53,11.69,103732271.0,1205480323.0,0
2025-12-02,11.68,11.73,11.59,11.64,76805993.0,894720592.0,0
2025-12-03,11.64,11.7,11.54,11.55,94460109.0,1099167227.0,0
2025-12-04,11.55,11.58,11.46,11.49,88608988.0,1019178990.0,0
2025-12-05,11.49,11.54,11.4,11.53,89076609.0,1022334912.0,0
2025-12-08,11.49,11.6,11.48,11.52,85589893.0,988510035.0,0
2025-12-09,11.52,11.54,11.43,11.43,73395745.0,842732358.0,0
2025-12-10,11.44,11.46,11.29,11.33,104406472.0,1184087688.0,0
2025-12-11,11.35,11.39,11.3,11.37,92526129.0,1049906216.0,0
2025-12-12,11.37,11.43,11.3,11.35,119189472.0,1357465371.0,0
2025-12-15,11.34,11.54,11.33,11.51,94083253.0,1080642231.0,0
2025-12-16,11.49,11.55,11.44,11.48,64735136.0,743389002.0,0
2025-12-17,11.47,11.58,11.42,11.53,70149533.0,807135164.0,0
2025-12-18,11.51,11.65,11.48,11.64,79046654.0,916247611.0,0
2025-12-19,11.63,11.65,11.58,11.62,64988619.0,755106127.0,0
2025-12-22,11.61,11.61,11.51,11.52,74236916.0,857197057.0,0
2025-12-23,11.52,11.6,11.5,11.56,66626574.0,770081940.0,0
2025-12-24,11.55,11.58,11.49,11.54,50524356.0,582458735.0,0
2025-12-25,11.54,11.62,11.52,11.56,54745523.0,633772625.0,0
2025-12-26,11.56,11.59,11.53,11.54,43633984.0,504079280.0,0
2025-12-29,11.54,11.62,11.5,11.56,64829542.0,749082978.0,0
2025-12-30,11.53,11.56,11.45,11.48,58258433.0,669409275.0,0
2025-12-31,11.48,11.49,11.4,11.41,59062037.0,675457357.0,0
2026-01-05,11.42,11.51,11.41,11.5,87549118.0,1003479224.0,0
2026-01-06,11.5,11.68,11.48,11.67,130464842.0,1512911584.0,0
2026-01-07,11.66,11.82,11.62,11.64,96623624.0,1131165699.0,0
2026-01-08,11.64,11.65,11.49,11.51,110008511.0,1268647295.0,0
2026-01-09,11.53,11.53,11.44,11.46,98339004.0,1128076547.0,0
2026-01-12,11.45,11.49,11.42,11.48,85521298.0,979700148.0,0
2026-01-13,11.48,11.54,11.44,11.47,106154122.0,1219755569.0,0
2026-01-14,11.47,11.47,11.35,11.36,127475714.0,1454416591.0,0
2026-01-15,11.33,11.37,11.3,11.31,88495977.0,1002514947.0,0
2026-01-16,11.34,11.34,11.16,11.19,111947254.0,1257713579.0,0
2026-01-19,11.15,11.21,11.11,11.12,80474131.0,896712443.0,0
2026-01-20,11.12,11.2,11.11,11.16,77227609.0,861694178.0,0
2026-01-21,11.15,11.18,11.06,11.07,90012491.0,1001045288.0,0
2026-01-22,11.07,11.15,11.05,11.07,78863462.0,873985785.0,0
2026-01-23,11.07,11.09,10.98,10.99,110999429.0,1224886436.0,0
2026-01-26,10.98,11.06,10.92,10.96,110624665.0,1214803431.0,0
2026-01-27,10.96,11.03,10.93,10.94,89409121.0,981119838.0,0
2026-01-28,10.94,10.99,10.82,10.84,143876603.0,1570012850.0,0
2026-01-29,10.84,10.98,10.66,10.96,185299383.0,2001845208.0,0
2026-01-30,10.94,11.03,10.83,10.83,109175497.0,1191181198.0,0
2026-02-02,10.82,11.03,10.8,10.86,122317302.0,1337643445.0,0
2026-02-03,10.89,10.9,10.77,10.84,80662816.0,872562155.0,0
2026-02-04,10.85,10.98,10.84,10.97,69541547.0,760107689.0,0
2026-02-05,10.98,11.11,10.96,11.09,117759109.0,1301134142.0,0
2026-02-06,11.08,11.14,10.99,11.05,72770959.0,803862241.0,0
2026-02-09,11.05,11.11,11.01,11.07,61971670.0,685218215.0,0
2026-02-10,11.07,11.1,11.02,11.06,60042999.0,664140162.0,0
2026-02-11,11.06,11.09,11.02,11.07,43104098.0,476801864.0,0
2026-02-12,11.07,11.08,10.93,10.96,68134024.0,748338547.0,0
2026-02-13,10.96,10.99,10.9,10.91,55504736.0,607501376.0,0
2026-02-24,10.93,10.95,10.88,10.91,60251240.0,657487700.0,0
2026-02-25,10.91,10.95,10.78,10.86,106313487.0,1156693737.0,0
2026-02-26,10.86,10.91,10.8,10.87,71273019.0,772947727.0,0
2026-02-27,10.86,10.92,10.84,10.9,61222796.0,666177346.0,0
2026-03-02,10.85,10.89,10.77,10.85,83887355.0,908747812.0,0
2026-03-03,10.85,10.95,10.8,10.88,102869483.0,1119402076.0,0
2026-03-04,10.84,10.84,10.67,10.71,108971396.0,1167995856.0,0
2026-03-05,10.72,10.84,10.7,10.81,71264118.0,768553598.0,0
2026-03-06,10.78,10.84,10.77,10.82,47657680.0,514733550.0,0
2026-03-09,10.79,10.82,10.74,10.76,83589238.0,900716851.0,0
2026-03-10,10.77,10.81,10.73,10.81,79011168.0,850573536.0,0
2026-03-11,10.79,10.9,10.77,10.89,72053464.0,781041009.0,0
2026-03-12,10.87,10.96,10.85,10.94,75490558.0,824171954.0,0
2026-03-13,10.93,11.0,10.87,10.93,84193915.0,920839356.0,0
2026-03-16,10.93,10.97,10.88,10.92,71560301.0,782089441.0,0
2026-03-17,10.91,11.07,10.9,11.03,107665681.0,1187565492.0,0
2026-03-18,11.04,11.04,10.91,10.96,79107940.0,867711250.0,0
2026-03-19,10.92,10.97,10.86,10.88,62421195.0,681086519.0,0
2026-03-20,10.87,10.94,10.76,10.77,83408256.0,903819004.0,0
2026-03-23,10.68,10.68,10.43,10.45,158008833.0,1666328348.0,0
2026-03-24,10.52,10.89,10.52,10.88,162225127.0,1744746708.0,0
2026-03-25,10.89,10.95,10.79,10.94,74477991.0,809739890.0,0
2026-03-26,10.91,11.05,10.9,10.94,82766409.0,909199431.0,0
2026-03-27,10.91,11.05,10.83,11.02,88412862.0,972821270.0,0
2026-03-30,10.98,11.05,10.94,10.99,63252210.0,696208267.0,0
2026-03-31,11.0,11.18,10.99,11.08,116456534.0,1294675716.0,0
2026-04-01,11.09,11.23,11.08,11.15,91892539.0,1025538833.0,0
2026-04-02,11.15,11.32,11.13,11.27,114889522.0,1292756712.0,0
2026-04-03,11.28,11.28,11.09,11.12,75775733.0,845283641.0,0
2026-04-07,11.12,11.14,10.97,11.03,60795521.0,671322755.0,0
2026-04-08,11.11,11.22,11.05,11.22,81297589.0,906308305.0,0
2026-04-09,11.17,11.22,11.06,11.1,60236493.0,669239285.0,0
2026-04-10,11.1,11.13,11.07,11.09,48104693.0,534088991.0,0
2026-04-13,11.05,11.09,11.03,11.07,40610413.0,449056814.0,0
2026-04-14,11.07,11.17,11.07,11.17,49615109.0,551741633.0,0
2026-04-15,11.16,11.22,11.15,11.21,50393793.0,564031568.0,0
2026-04-16,11.2,11.23,11.07,11.09,68091460.0,758006903.0,0
2026-04-17,11.09,11.11,10.99,11.01,72253042.0,797678406.0,0
2026-04-20,11.01,11.07,10.96,11.06,63003366.0,695097194.0,0
2026-04-21,11.04,11.16,11.03,11.08,80694634.0,896659539.0,0
2026-04-22,11.08,11.09,10.95,10.98,83905399.0,923203009.0,0
2026-04-23,10.98,11.03,10.93,11.0,64806661.0,711757543.0,0
2026-04-24,10.98,11.03,10.92,11.0,58271012.0,639781173.0,0
2026-04-27,11.33,11.57,11.29,11.38,340127567.0,3891707615.0,0
2026-04-28,11.36,11.46,11.32,11.46,167425883.0,1908333959.0,0
2026-04-29,11.43,11.54,11.39,11.52,137842344.0,1583294869.0,0
2026-04-30,11.5,11.6,11.46,11.49,113924162.0,1312827776.0,0
2026-05-06,11.5,11.5,11.3,11.36,121638755.0,1380730921.0,0
2026-05-07,11.37,11.39,11.3,11.37,93695806.0,1062755239.0,0
2026-05-08,11.34,11.42,11.3,11.3,79881986.0,905737835.0,0
2026-05-11,11.29,11.31,11.16,11.28,93186521.0,1047435369.0,0
2026-05-12,11.28,11.36,11.21,11.25,102903842.0,1158241866.0,0
2026-05-13,11.25,11.28,11.11,11.14,101797392.0,1136724107.0,0
2026-05-14,11.14,11.15,11.05,11.05,79436841.0,881960631.0,0
2026-05-15,11.05,11.11,10.96,10.99,97474176.0,1074648533.0,0
